,Night_Open,Night_High,Night_Low,Night_Close,Night_Vol,Night_Bars,Night_Ret_vs_Day,Night_Body,Night_Range,Night_Vol_Change,Night_Gap_Open,TSM_Ret,SOX_Ret,NetOI_Diff_lag1,NetOI_Diff_lag2,TX_Ret,TX_Ret_lag1,TX_Vol5,TX_Mom5,RSI,MA5,MA20,TSM_Ret_lag2,SOX_Ret_lag2,TSM_SOX_Spread,Intra_Ret_lag1,Gap_Direction,Open_Gap,Night_Ret_roll3
2024-01-29,18126.0,18152.0,18068.0,18070.0,58492,108,0.003936903806795071,-0.003094267028452857,0.004634227077126779,0.7915188702911458,0.005976113403341728,0.0059875937543494,-0.029535696748448,1043.0,3871.0,0.0069759999433963,0.000222259266348,0.0029632893212764,0.017995272158586,66.95906432748538,17978.4,17639.85,0.0003431872043615,-0.002472270019448,0.0355232905027975,0.002670377108409,1,12.0,0.003936903806795071
2024-01-30,18063.0,18145.0,18002.0,18115.0,91452,168,-0.0005518763936979157,0.002874677196620085,0.007916735868903284,0.446924251722348,-0.0003874574537167036,-0.0023906160697607,0.0105769518773896,-1056.0,1043.0,-0.0024305375717217,0.0069759999433963,0.0026675167828264,0.0171391430389057,68.68626274745051,18020.6,17654.0,0.0059875937543494,-0.029535696748448,-0.0129675679471504,0.006309518385818,1,4.0,0.0016925137065485778
2024-01-31,17915.0,18044.0,17906.0,18041.0,95168,168,-0.0022147176983507767,0.007008594713748813,0.007703042143455205,0.03982950636570919,-0.011101973590123415,-0.0078957805983948,-0.0156819347280738,-2501.0,-1056.0,-0.0089442556222323,-0.0024305375717217,0.003766295635138,0.0117383339976801,60.08182349503215,18024.0,17672.7,-0.0023906160697607,0.0105769518773896,0.0077861541296789,-0.0026512028785144,0,-91.0,0.00039010323824879297
2024-02-01,17966.0,18046.0,17892.0,17898.0,131020,168,-0.0012284327861179557,-0.0037921080463484544,0.008571746632528108,0.3197062324660404,-0.004165862663651066,-0.0270734600448009,-0.013768060621301,-2400.0,-2501.0,0.0036762699455392,-0.0089442556222323,0.0063386368775268,0.0009491109776484,64.69544648137196,18022.2,17694.7,-0.0078957805983948,-0.0156819347280738,-0.0133053994234998,-0.0038986404156573,1,36.0,-0.0013316756260555492
2024-02-02,18080.0,18084.0,17981.0,18054.0,107404,168,0.0037735893836394877,-0.001439088088067261,0.005696902654867257,-0.19875255797464614,0.010117380203363923,0.0037994100522679,0.0045800672044424,-1995.0,-2400.0,0.0054338919400349,0.0036762699455392,0.0060845316953305,-0.0005002640386703,65.27050610820244,18039.2,17722.95,-0.0270734600448009,-0.013768060621301,-0.0007806571521744,0.0016693565726379,1,114.0,0.00011014629972358513
2024-02-05,18086.0,18096.0,18026.0,18034.0,39708,108,-0.0027687043546437877,-0.002879293240573435,0.003870396992148623,0.296213712999778,0.0015493584330009819,0.0205994709182896,0.0130554551213741,-2615.0,-1995.0,0.0001105888859297,0.0054338919400349,0.0065797898936649,0.0047113686350164,75.18394648829431,18031.4,17747.5,0.0037994100522679,0.0045800672044424,0.0075440157969154,-0.0008843688394213,0,-76.0,-7.45159190407519e-05
2024-02-15,18666.0,18727.0,18665.0,18685.0,48548,108,0.03258290461915888,0.0010173757938921433,0.0033215471981142184,0.8611529789415462,0.030570778812318723,0.0133947256379833,0.0215271518215123,642.0,-2615.0,0.0316191007321713,0.0001105888859297,0.0056575969722574,-0.0021540424224501,89.26701570680629,18148.6,17803.6,-0.0225583159834729,-0.020350197766104,-0.0081324261835289,0.0043220547138572,1,504.0,0.011195929882718192
2024-02-16,18636.0,18716.0,18618.0,18705.0,71452,168,0.002033608749649744,0.00369567384555909,0.005258639192959862,0.386472896342523,-0.0026258689828968533,-0.0018582568991561,-0.0016024665845936,2841.0,642.0,-0.0017693900222266,0.0316191007321713,0.015160440335382,0.0318955958814428,86.99453551912568,18291.4,17862.4,0.0133947256379833,0.0215271518215123,-0.0002557903145625,0.0041334573171072,1,16.0,0.010615936338054945
2024-02-19,18678.0,18678.0,18649.0,18666.0,15706,108,0.0017158181153217255,-0.0006426735439711932,0.0015526287611093265,-0.09400119570170419,0.0019829048004175844,-0.0183017820349902,-0.0066961856055824,-4050.0,2841.0,0.0019836489549654,-0.0017693900222266,0.0136074653436764,0.0390704614814485,83.79850238257318,18428.4,17917.2,-0.0018582568991561,-0.0016024665845936,-0.0116055964294077,-0.0026261504494672,1,46.0,0.012110777161376783
2024-02-23,18917.0,19004.0,18874.0,19003.0,76908,168,0.006017119389538078,0.004535872755694443,0.00687212560131099,-0.17687166781763916,0.010735647327134064,0.0293248868355131,0.0485100158089996,664.0,-321.0,0.0012697742566347,0.0104841172115027,0.0054508548744705,0.0118224829992227,80.27704485488127,18783.6,18202.15,7.980764354421438e-05,-0.0023609990557575,-0.0191851289734865,0.0001058873359736,1,101.0,0.0032555154181698486
2024-02-26,18968.0,18993.0,18956.0,18967.0,41514,108,0.0028511106958679987,-5.272176091906244e-05,0.0019506537326022776,0.6094091289152846,0.002216710677063299,0.0035574236859295,-0.0112774470620872,1061.0,664.0,0.002640195851954,0.0012697742566347,0.0050276577536652,0.014861647278084,80.85787451984635,18842.0,18286.3,0.0293248868355131,0.0485100158089996,0.0148348707480168,-0.0040630085178771,0,-6.0,0.003528016066909267
2024-02-27,18871.0,18987.0,18870.0,18968.0,57196,168,0.000263636604832932,0.005126996616145703,0.006199989401727519,0.3204532461258718,-0.005074274855226676,0.0085329946440479,0.0104415303746153,2005.0,1061.0,-0.0050753479287953,0.002640195851954,0.0050038980501376,0.0155181941750726,74.21671018276763,18864.8,18345.75,0.0035574236859295,-0.0112774470620872,-0.0019085357305673,0.0029574882924795,0,-13.0,0.003043955563413003
2024-02-29,18961.0,19000.0,18891.0,18948.0,80796,108,0.004284020832029249,-0.0006858529905612485,0.00574864194926428,1.5760398127162154,0.004228112635671579,-0.0094542047433603,-0.011296926887191,-2352.0,2005.0,0.0052335382320596,-0.0050753479287953,0.0060730533688306,0.0060606246116909,77.882797731569,18919.6,18403.2,-0.0158162887453829,-0.0018415429809706,0.0018427221438307,-0.0043895672989593,0,-59.0,0.0024662560442433932
2024-03-01,18970.0,19055.0,18900.0,18954.0,106142,168,-0.0006329114135325154,-0.0008437928989196521,0.008170795993674223,0.2728503609085747,0.0011603988854174505,0.0100760664922127,0.026652428658104,-177.0,-2352.0,-0.000263664409469,0.0052335382320596,0.0056853978911622,0.0145522776233558,86.37316561844864,18934.0,18457.75,-0.0094542047433603,-0.011296926887191,-0.0165763621658913,0.0083655912237672,1,2.0,0.0013049153411098882
2024-03-04,19314.0,19437.0,19312.0,19409.0,79720,108,0.023352637966523513,0.004906654473864017,0.00647198923060992,0.5132118101415408,0.009886130780869088,0.0398423246806272,0.0419799964890326,-5115.0,-177.0,0.0184459834926594,-0.000263664409469,0.0038375356929491,0.003804496002384,88.64959254947614,19014.2,18528.3,0.0100760664922127,0.026652428658104,-0.0021376718084053,-0.0003691107110377,1,183.0,0.009001249128340083
2024-03-05,19371.0,19422.0,19274.0,19377.0,104544,168,0.003256574173719331,0.0003096934060057095,0.0076402870269991225,0.27108754007406566,-0.0019597737061504764,0.0320426721658404,0.0105716306921405,5480.0,-5115.0,0.0038756734041418,0.0184459834926594,0.0088374988066974,0.0209807052384087,88.49557522123894,19099.4,18598.0,0.0398423246806272,0.0419799964890326,0.0214710414736999,0.0088408709386539,1,48.0,0.008658766908903442
2024-03-06,19521.0,19673.0,19217.0,19267.0,127668,168,-0.00631210705024493,-0.013097021282333528,0.023359459044106346,0.19982510890356955,0.007404013462511258,-0.0240832409878652,-0.0207150390656013,-656.0,5480.0,0.0061700026062563,0.0038756734041418,0.0088003124054713,0.0222161827905965,89.24434638720354,19227.8,18673.5,0.0320426721658404,0.0105716306921405,-0.0033682019222639,0.0013935126509882,0,-107.0,0.006765701696665971
2024-03-07,19693.0,19894.0,19647.0,19695.0,184030,168,0.009488898867744698,0.00010155377281003166,0.01254252780175697,0.36566564347487385,0.02186945475143621,0.047741636309301,0.0239134626807793,2.0,-656.0,0.0101994866552328,0.0061700026062563,0.0070154950351846,0.0334615333256482,86.38268156424581,19376.4,18752.7,-0.0240832409878652,-0.0207150390656013,0.0238281736285216,0.0117038793129357,1,179.0,0.0021444553304063667
2024-03-08,19790.0,19992.0,19775.0,19949.0,186210,168,0.012103632555916547,0.008002257151799396,0.010965133906013138,0.011776281296567805,0.004811963191605242,0.0524934497737121,0.0330419399004202,-278.0,2.0,0.0041519046984863,0.0101994866552328,0.0071082497801522,0.0384274817488215,89.06144496961512,19542.4,18838.2,0.047741636309301,0.0239134626807793,0.0194515098732918,0.0010660711216025,1,221.0,0.005093474791138772
2024-03-11,19722.0,19772.0,19655.0,19709.0,101708,108,-0.004151904698486158,-0.000659379699780093,0.005932461210830545,-0.07390990659337413,0.00015212596058851045,-0.0191501763379893,-0.0411077852207796,-4621.0,-278.0,-0.0038475215792529,0.0041519046984863,0.0060726131693974,0.0428430508567768,84.34210526315789,19622.6,18927.95,0.0524934497737121,0.0330419399004202,0.0219576088827902,-0.0069988453158597,0,-100.0,0.005813542241725029
2024-03-12,19956.0,20005.0,19663.0,19678.0,146398,168,-0.0018785068860168279,-0.014028589555217262,0.017137702946482262,0.36422297753741667,0.012454465788433714,-0.0515198309637029,-0.0137247741774112,-4991.0,-4621.0,0.0120999711711066,-0.0038475215792529,0.0051162552971469,0.0205495457848644,85.81644815256257,19735.8,19026.4,-0.0191501763379893,-0.0411077852207796,-0.0377950567862917,0.0012180887665573,0,-1.0,0.0020244069904711876
2024-03-13,19932.0,20001.0,19830.0,19991.0,100326,168,0.001802433772908428,0.0029556918544475165,0.008579169175195665,-0.37790405652312326,0.012825219975584324,0.0379695348947364,0.0207054999795287,-1552.0,-4991.0,-0.00140414245025,0.0120999711711066,0.0062242004087311,0.0287738435518292,87.53799392097264,19819.4,19118.55,-0.0515198309637029,-0.0137247741774112,0.0172640349152077,0.0121506952574499,1,39.0,-0.0014093259371981855
2024-03-14,19959.0,19966.0,19837.0,19883.0,92140,168,-0.0022105007745030414,-0.0038150741519159884,0.006463249661806704,-0.08511572420081613,-0.0016020028457455386,-0.0157748118546868,-0.0250603941523739,-1023.0,-1552.0,0.000602016774315,-0.00140414245025,0.0069743590756085,0.0211996984953227,85.95890410958904,19865.4,19211.2,0.0379695348947364,0.0207054999795287,0.009285582297687,-0.0033566324945418,0,-30.0,-0.0007621912958704798
2024-03-15,19733.0,19887.0,19710.0,19859.0,99864,168,-0.00402030794273468,0.006364943694738782,0.008969746110576193,0.08050010084097885,-0.007572734088655345,-0.0178880540277382,-0.0176745151903733,534.0,-1023.0,-0.0105372927902383,0.000602016774315,0.006202070938862,0.0116022286144049,74.83282674772036,19853.2,19264.35,-0.0157748118546868,-0.0250603941523739,-0.0002135388373649,0.0021086462276513,0,-111.0,-0.0014761249814430972
2024-03-18,19917.0,19965.0,19861.0,19870.0,66550,108,0.007070736529201505,-0.002362581841406465,0.005221669930210373,1.4368050127438952,0.008217635919196387,-0.0190895365581576,-0.0054373811883613,-3100.0,534.0,0.0095337300586129,-0.0105372927902383,0.0082564433753672,-0.0030869688743196,76.79372197309416,19894.0,19328.6,-0.0178880540277382,-0.0176745151903733,-0.0136521553697962,-0.0049547601238035,1,48.0,0.0002799759373212617
2024-03-19,19880.0,19888.0,19760.0,19869.0,79450,168,-0.0025133219221848027,-0.0005534730574759204,0.006438631790744467,0.1771743481416043,0.0005031446647025511,0.0015675024667618,-2.309189728518858e-05,1294.0,-3100.0,-0.0026139863072104,0.0095337300586129,0.0090757291609724,0.0102942827635462,78.73563218390805,19876.4,19388.4,-0.0190895365581576,-0.0054373811883613,0.001590594364047,0.0071038412453378,0,-103.0,0.0001790355547606746
2024-03-20,19838.0,19893.0,19817.0,19857.0,82180,168,-0.0005034739810310045,0.0009572994810934863,0.0038310313539671337,0.03378407047253867,-0.0015614378471501078,-0.0130382931144458,-0.0094590143998214,-572.0,1294.0,-0.0060584827107539,-0.0026139863072104,0.007196992564472,-0.0044196747147707,72.17490062464509,19840.4,19438.1,0.0015675024667618,-2.309189728518858e-05,-0.0035792787146243,0.002570371598868,0,-7.0,0.001351313541995233
2024-03-21,20275.0,20358.0,19868.0,19982.0,169056,168,0.011830287235654284,-0.014556731690649796,0.024167694204685574,0.7213180575266416,0.02083201019658121,0.01384294478221,0.0158660721487546,6188.0,-572.0,0.0258443316242015,-0.0060584827107539,0.0075723107436031,-0.0090740149752746,78.66256049274087,19905.4,19516.7,-0.0130382931144458,-0.0094590143998214,-0.0020231273665445,-0.0057060775418539,1,301.0,0.0029378304441461597
2024-03-22,20221.0,20263.0,20181.0,20206.0,89794,168,-0.0028663226938335593,-0.0007420783480521006,0.004055190148855151,-0.6327118630507489,0.011889800042765712,0.0195517916277496,0.0226520168222995,8920.0,6188.0,-0.0010862589326646,0.0258443316242015,0.0146723496608682,0.0161682998746119,73.8928939237899,20007.8,19584.35,0.01384294478221,0.0158660721487546,-0.0031002251945498,0.0107165145456617,0,-38.0,0.002820163520263241
2024-03-25,20220.0,20250.0,20162.0,20236.0,63200,108,-0.00029645733701975615,0.0007909828373642121,0.004352126607319486,1.5541888448493675,-0.0005932957753387204,0.0077858315270342,0.0021170179216929,-9574.0,8920.0,-0.0005435722714327,-0.0010862589326646,0.0129640804667701,0.0256193337321855,72.41746538871139,20070.2,19650.25,0.0195517916277496,0.0226520168222995,0.0056688136053412,0.0007907482867306,1,14.0,0.00288916906826699
2024-03-26,20205.0,20278.0,20144.0,20238.0,83382,168,0.00034594381229145874,0.0016319267771311798,0.006632021776787924,0.2771281575796882,-0.0015330978992526328,-0.0022080200938631,-0.0034224439641068,256.0,-9574.0,-0.002177248620986,-0.0005435722714327,0.0128902297839733,0.0155420314021398,68.81243063263041,20134.2,19711.45,0.0077858315270342,0.0021170179216929,0.0012144238702437,-0.0012349644664889,1,49.0,-0.0009389454061872849
2024-03-27,20255.0,20285.0,20127.0,20140.0,89364,168,-0.0023309455838744215,-0.0056937893642376395,0.007800543075783757,0.06928545778400892,0.0008396513470855979,-0.009961839517554,-0.0081307739117314,-1290.0,256.0,0.0036590230697235,-0.002177248620986,0.0128431530239171,0.0159787690883642,66.46778042959427,20237.0,19781.15,-0.0022080200938631,-0.0034224439641068,-0.0018310656058226,-0.0045963458486917,0,-2.0,-0.000760486369534239
2024-03-28,20192.0,20270.0,20156.0,20242.0,86604,168,-0.000938202177304714,0.0024731674079067254,0.005645800316957211,-0.03137191263837236,0.0025785990683863578,-0.015606563351607,0.0098588062892839,3136.0,-1290.0,-0.0028667477126087,0.0036590230697235,0.0117842485901744,0.0256962748688416,62.46973365617433,20224.8,19843.0,-0.009961839517554,-0.0081307739117314,-0.025465369640891,0.00375810163911,0,-23.0,-0.0009744013162958916
2024-03-29,20287.0,20386.0,20191.0,20211.0,64728,168,0.00039590241522699505,-0.0037532761725599406,0.009612066840834032,-0.29115212937259805,0.002220633052483027,-0.0046932035850881,0.0010728567500564,-2389.0,3136.0,0.0038040704915769,-0.0028667477126087,0.0025497413553706,-0.0030148044679687,67.09013914095584,20232.4,19908.95,-0.015606563351607,0.0098588062892839,-0.0057660603351446,-0.0017309170761626,1,23.0,-0.000957748448650713
2024-04-08,20448.0,20561.0,20427.0,20515.0,77710,108,0.008124555262097238,0.003271247699025177,0.00655320813771518,1.3196669153398886,-0.0002444928009049842,0.0120989450337265,0.0131717295168335,-10778.0,7635.0,0.0049511118567586,-0.0085144378149185,0.0074869320273006,0.0043339146880377,71.40309155766944,20378.0,20093.4,-0.0166159204194384,-0.0305275758387335,-0.001072784483107,-0.0010314596066622,1,55.0,0.002527418500006507
2024-04-09,20885.0,20893.0,20490.0,20505.0,115258,168,0.002685876355211873,-0.018362439105116084,0.019296145559013645,0.3941891445632478,0.01787487205498928,0.0100649968193777,0.0012981993448682,1612.0,-10778.0,0.0205214829090492,0.0049511118567586,0.0073269248440276,0.012151774257405,74.90871152842985,20496.8,20147.55,0.0120989450337265,0.0131717295168335,0.0087667974745095,0.0022519224281305,1,88.0,0.0037354446775120357
2024-04-10,20859.0,20874.0,20681.0,20822.0,136572,168,-0.002494245345298802,-0.0017753897324292798,0.00925260079581955,0.1696788543033545,0.017116750940967793,0.0181135197489809,0.0093686708558051,11018.0,1612.0,-0.0011024566724763,0.0205214829090492,0.0110027582317848,0.0288691866748773,76.0593220338983,20609.4,20204.35,0.0100649968193777,0.0012981993448682,0.0087448488931758,0.0162275366217567,0,-52.0,0.002772062090670104
2024-04-11,20728.0,20755.0,20630.0,20713.0,121894,168,-0.006640386251997798,-0.0007239207864229745,0.006030490158240062,-0.11370013348458687,-0.004524676792752318,0.0056238048612002,-0.0166567616960244,-6874.0,11018.0,-0.0047110941858603,-0.0011024566724763,0.0112042370035647,0.0273723304705681,76.95605573419078,20655.4,20244.25,0.0181135197489809,0.0093686708558051,0.0222805665572247,0.0013917886728224,0,-145.0,-0.0021495850806949085
2024-04-12,20760.0,20777.0,20538.0,20768.0,134244,168,0.0007225259821563493,0.0003852822239916929,0.01151252408477842,0.09650722504962746,0.002266535824302075,0.0066799474303709,0.02393088669998,-11254.0,-6874.0,9.636696547877597e-05,-0.0047110941858603,0.0113656257071459,0.0111446060925526,68.17172464840858,20736.6,20285.65,0.0056238048612002,-0.0166567616960244,-0.0172509392696091,0.0022673011956018,0,-8.0,-0.00280403520504675
2024-04-15,20498.0,20588.0,20478.0,20514.0,80012,108,-0.011679601619782886,0.0007802594758479494,0.005366377207532442,0.7697463414744765,0.0002927543324152396,-0.0323099404310309,-0.0334324564801123,955.0,-11254.0,-0.0119721275835478,9.636696547877597e-05,0.009886968991904,0.0197554108729499,58.43908629441625,20748.2,20314.1,0.0066799474303709,0.02393088669998,0.0011225160490813,0.0004819277201708,0,-211.0,-0.005865820629874778
2024-04-16,19926.0,20522.0,19821.0,20290.0,154906,168,-0.01068690008373081,0.018102742215058865,0.035180166616480976,0.660641857915176,-0.029082168262554716,-0.0168402175258399,-0.0139961236383686,-5794.0,955.0,-0.0274355459510604,-0.0119721275835478,0.0121065887680339,0.0028321714326434,43.443396226415096,20564.0,20325.25,-0.0323099404310309,-0.0334324564801123,-0.0028440938874713,-0.0017538735860965,0,-230.0,-0.007214658573785782
2024-04-17,20148.0,20171.0,19865.0,19924.0,127804,168,-0.0014544727593568546,-0.01117999267236715,0.015187611673615247,-0.19232064098201027,-0.007023125954319318,-0.0024293200789882,0.0088152313020963,-583.0,-5794.0,0.0115602463345104,-0.0274355459510604,0.0113160237569832,-0.0451248574274661,49.95667244367417,20430.8,20338.55,-0.0168402175258399,-0.0139961236383686,-0.0112445513810845,-0.0161570465599942,1,26.0,-0.00794032482095685
2024-04-18,20380.0,20449.0,19915.0,20019.0,275334,168,-0.00825793171532495,-0.01787220520499954,0.02620215897939156,0.7674870657992708,0.022628992583541778,-0.0055231334937773,-0.0329966129313426,434.0,-583.0,0.0085342007252438,0.0115602463345104,0.0145010837260558,-0.0324621544204794,52.01495637723307,20351.8,20363.1,-0.0024293200789882,0.0088152313020963,0.0274734794375652,0.0102580323870923,0,-115.0,-0.006799768186137538
2024-04-19,19615.0,20080.0,19565.0,19998.0,184488,168,-0.017841686476490447,0.019337688892141665,0.0262554167728779,-0.40040048544250256,-0.020387242928063282,-0.0498441255760706,-0.01669095610604,3252.0,434.0,-0.040703293113504,0.0085342007252438,0.0160364011436032,-0.0192168595093751,39.6077190762417,20110.0,20353.05,-0.0055231334937773,-0.0329966129313426,-0.0331531694700306,0.0142477922219012,0,-518.0,-0.009184696983724084
2024-04-22,19559.0,19597.0,19492.0,19586.0,73476,108,0.0020443633819586388,0.0013794867432221,0.0053683726161869215,0.6120873895674204,-0.0013284285624139656,-0.035161788563871,-0.0420220174756556,-5077.0,3252.0,-0.001126183891743,-0.040703293113504,0.0225769486613375,-0.060016519588358,37.83000643915003,19913.2,20316.05,-0.0498441255760706,-0.01669095610604,0.0068602289117845,-0.0149294399400826,1,74.0,-0.008018418269952253
2024-04-23,19690.0,19855.0,19582.0,19684.0,126174,168,0.008161644978830674,-0.00030476964730242085,0.013864906043676994,0.5407030844108042,0.005295867352431406,0.0159257310718438,0.0172755172702565,3377.0,-5077.0,0.007805962954807,-0.001126183891743,0.0230957697025243,-0.0491705758965531,40.60289141802523,19858.0,20287.8,-0.035161788563871,-0.0420220174756556,-0.0013497861984126,-0.0049049761123159,1,127.0,-0.0025452260385670448
2024-04-24,20159.0,20160.0,19827.0,19882.0,156764,168,0.010364358810245182,-0.01383603900833315,0.01651867652165286,0.21707958302471034,0.023844715794554664,0.0279676851262479,0.0218681431218824,3895.0,3377.0,0.0247459109864122,0.007805962954807,0.0217176628230386,-0.0139290669906856,44.970076944998574,19855.0,20284.75,0.0159257310718438,0.0172755172702565,0.0060995420043655,0.0013222133740779,1,253.0,0.006856789057011498
2024-04-25,19883.0,20039.0,19710.0,19970.0,225698,168,-0.009965204538396598,0.0043660521517796405,0.016546798772821003,0.3644563327445593,5.02954859906318e-05,-0.0034535857481591,0.010527668720365,-828.0,3895.0,-0.0142306733064664,0.0247459109864122,0.0245155133601787,-0.0007434023387838,43.591160220994475,19760.4,20269.65,0.0279676851262479,0.0218681431218824,-0.0139812544685241,0.011970217741417,0,-230.0,0.0028535997502264192
2024-04-26,20201.0,20255.0,19890.0,20130.0,162536,168,0.012245560992046108,-0.0035208684806243397,0.01806841245482897,-0.3282983067685821,0.011500960704600566,0.0267871748109784,0.0194377652543286,-3827.0,-828.0,0.0146272233265336,-0.0142306733064664,0.0246135317448257,-0.0235082763704942,46.43231899265477,19886.8,20265.5,-0.0034535857481591,0.010527668720365,0.0073494095566497,-0.0027620858740383,1,241.0,0.004214905087964897
2024-04-29,20528.0,20550.0,20402.0,20472.0,81924,108,0.014465196871300134,-0.002731709015792923,0.007209664848012471,1.2419216023926725,0.013536253765617776,0.0125145226998503,0.0257224352815602,3272.0,-3827.0,0.0183653578213948,0.0146272233265336,0.0149038433864239,0.0318222400695435,45.720361509835186,20092.4,20282.95,0.0267871748109784,0.0194377652543286,-0.0132079125817099,0.002580390475046,1,172.0,0.005581851108316548
2024-04-30,20445.0,20538.0,20340.0,20505.0,123228,168,-0.002289500963559839,0.002930405027417004,0.009684519442406456,0.4082443097800148,-0.0013197450408820716,0.0014449491635156,0.0064203447436996,-1153.0,3272.0,-0.0067863070161354,0.0183653578213948,0.0150035530870079,0.0513137817826813,44.3527591542032,20239.6,20289.6,0.0125145226998503,0.0257224352815602,-0.0049753955801839,0.0098773479189784,0,-34.0,0.008140418966595469
2024-05-02,20291.0,20391.0,20192.0,20339.0,116974,108,-0.003631727588088707,0.0023627872178711507,0.009807303730718052,1.103943897433668,0.0009861447473400468,-0.0176292991259556,-0.0360827707137835,1306.0,-1153.0,-0.0059945148059598,-0.0067863070161354,0.016900253551532,0.0367215118117388,44.07995899538699,20263.8,20289.75,-0.0084107616325009,-0.0195979053436306,0.0184534715878279,-0.0051305968740739,0,-163.0,0.002847989439883863
2024-05-03,20366.0,20619.0,20321.0,20513.0,175188,168,0.010881393514512512,0.007191987750526218,0.014632230187567515,0.4039079951253258,0.0013266185461152592,0.0095143986298156,0.0214360446289265,-3806.0,1306.0,0.0044747204210146,-0.0059945148059598,0.0143925986672789,0.0059810860193667,45.32698571786519,20363.2,20282.7,-0.0176292991259556,-0.0360827707137835,-0.0119216459991108,0.002022644432939,1,257.0,0.0016533883209546556
2024-05-06,20624.0,20736.0,20610.0,20722.0,64890,108,0.016543779423058215,0.0047404916327284784,0.0061093871217998445,0.8989508023240363,-0.0028083105659517543,0.0383791342681617,0.0237825654524448,-1916.0,-3806.0,0.0107360000549997,0.0044747204210146,0.0115257197954858,0.0246864797468478,51.18567103935418,20448.0,20295.35,0.0095143986298156,0.0214360446289265,0.0145965688157168,-0.0081114541985195,1,303.0,0.007931148449827341
2024-05-07,20655.0,20760.0,20609.0,20743.0,77844,168,0.006820681902506651,0.004251419515280406,0.007310578552408618,0.1820132953858415,-0.003238516980832184,0.008931435890675,0.0218660673983812,699.0,-1916.0,0.0023271609455401,0.0107360000549997,0.0108174722120786,0.0207952564753139,60.080995082441426,20467.6,20305.35,0.0383791342681617,0.0237825654524448,-0.0129346315077061,-0.0040206414518731,1,131.0,0.01141528494669246
2024-05-08,20750.0,20756.0,20614.0,20627.0,102772,168,-0.0011144221905845298,-0.005945349460250092,0.006843373493975903,0.2778061183608803,0.0003374063126988786,-0.0121154197495143,-0.007406403488641,-467.0,699.0,0.0036253816143168,0.0023271609455401,0.007385166646109,0.0047570595994592,58.18181818181818,20530.0,20297.9,0.008931435890675,0.0218660673983812,-0.0047090162608733,-0.0040113143703251,0,-32.0,0.007416679711660113
2024-05-09,20606.0,20736.0,20559.0,20722.0,93034,168,-0.00014476319179865466,0.005613642306683831,0.008589731146268077,-0.09954792464094511,-0.0010186016935809746,0.0174921128464886,0.0011487940253317,3622.0,-467.0,-0.0054672705553808,0.0036253816143168,0.0059949961036154,0.0151687482299115,53.91975308641976,20594.2,20285.95,-0.0121154197495143,-0.007406403488641,0.0163433188211569,0.0051762203471657,0,-18.0,0.00185383217337449
2024-05-10,20834.0,20984.0,20639.0,20700.0,126998,168,0.004260269805345469,-0.006452567290933602,0.016559470096956897,0.31120632056423986,0.005390329732697107,-0.0056568246224212,-0.0064103639030825,-1613.0,3622.0,0.0095121549646647,-0.0054672705553808,0.0057978897298776,0.0156959924804905,74.05714285714285,20679.6,20288.75,0.0174921128464886,0.0011487940253317,0.0007535392806613,-0.0045983768919099,1,126.0,0.0010003614743207625
2024-05-13,20887.0,20944.0,20861.0,20905.0,47856,108,0.004602779377885894,0.0008614089353482689,0.003973763585005027,0.9378564471006534,-0.0029162205440612337,0.0443147489076813,0.01008804027816,2347.0,-1613.0,0.0035498454239965,0.0095121549646647,0.0064849423139548,0.0207334270241406,75.38289129622711,20735.8,20295.15,-0.0056568246224212,-0.0064103639030825,0.0342267086295212,0.003417819294556,1,133.0,0.0029060953304775703
2024-05-14,21018.0,21072.0,20853.0,20883.0,78344,168,0.0,-0.006443782588765602,0.010419640308307165,0.49291288453090115,0.005390848634876373,-0.0192786213216182,0.0031273769714386,352.0,2347.0,0.0062058629568946,0.0035498454239965,0.0053578655728961,0.0135472723931374,75.16955538809344,20808.4,20320.4,0.0443147489076813,0.01008804027816,-0.0224059982930569,-0.0028212810106311,1,9.0,0.0029543497277437886
2024-05-15,21244.0,21462.0,21054.0,21170.0,128330,168,0.007443791335240116,-0.0034894174133788874,0.019205422707588026,0.49349568483787637,0.017139071705513664,0.0371404373885636,0.0166221912138372,4473.0,352.0,0.006167587631198,0.0062058629568946,0.0055654458947999,0.0174259744044919,71.2352684417285,20892.0,20379.9,-0.0192786213216182,0.0031273769714386,0.0205182461747264,0.0057749832374815,1,171.0,0.0040155235710420045
2024-05-16,21351.0,21484.0,21303.0,21453.0,87678,168,0.014555614291636857,0.0047659187491247606,0.008477354690646808,-0.38093405853579937,0.008513491838469943,0.0236085327384224,0.0283765661346511,6563.0,4473.0,0.0106791878883244,0.006167587631198,0.0056960461789728,0.0199681804213732,83.2512315270936,21043.6,20439.15,0.0371404373885636,0.0166221912138372,-0.0047680333962286,-0.001937298311866,1,322.0,0.007333135208958993
2024-05-17,21346.0,21460.0,21268.0,21285.0,91764,168,-0.003985470050940566,-0.002861769211657579,0.0089946594209688,0.04554905112951816,-0.005000127242595366,-0.0217675690842443,-0.0054737449102436,-5007.0,6563.0,-0.0015922824513431,0.0106791878883244,0.0028646986192904,0.0361146388650785,79.33130699088146,21149.0,20488.05,0.0236085327384224,0.0283765661346511,-0.0162938241740006,-0.0044356323454676,0,-67.0,0.006004645191978804
2024-05-20,21314.0,21380.0,21239.0,21346.0,68426,108,0.00046858161205996275,0.0015002346930086928,0.006615370179224923,1.2931734108126978,-0.0034658832877207434,-0.00361943470325,-0.0069036446822553,-1160.0,-5007.0,-0.0015948218587391,-0.0015922824513431,0.0044897565863002,0.0250102014490705,72.94981640146878,21232.8,20575.85,-0.0217675690842443,-0.0054737449102436,0.0032842099790053,0.0015478790116468,1,99.0,0.0036795752842520863
2024-05-21,21282.0,21387.0,21260.0,21363.0,70884,168,0.0028594886471233873,0.0037988086485576007,0.005967484258998215,0.035291868751678286,-0.0030027234722333905,0.0122531222741407,0.0213104728048055,394.0,-1160.0,-0.0011742879293932,-0.0015948218587391,0.0054024961084114,0.0198655341663348,78.42105263157895,21285.6,20663.5,-0.00361943470325,-0.0069036446822553,-0.0090573505306648,-0.0062241350289664,1,22.0,-0.00021913326391907075
2024-05-22,21576.0,21593.0,21270.0,21311.0,73202,168,0.001596694243608111,-0.012358214502239962,0.014970337411939191,0.03217800488528892,0.009921132169331498,0.0007813081955541,-0.0031383375693129,1019.0,394.0,0.0142792906852525,-0.0011742879293932,0.00564280524916,0.0124853832800469,87.91079812206573,21373.6,20758.8,0.0122531222741407,0.0213104728048055,0.0039196457648671,-0.0022065218689338,1,16.0,0.001641588167597155
2024-05-23,21606.0,21691.0,21433.0,21549.0,142746,168,-0.001576556016059161,-0.002641642134018952,0.011941127464593169,0.6678440841293745,0.013747682559604209,0.0160095459262979,0.0102753727423023,2572.0,1019.0,0.0009725149538112,0.0142792906852525,0.0077387495056416,0.0205970863341014,87.39290085679315,21420.4,20830.5,0.0007813081955541,-0.0031383375693129,0.0057341731839956,0.0135275875725718,1,47.0,0.0009598756248907803
2024-05-24,21560.0,21698.0,21390.0,21421.0,125422,168,-0.008506733459965575,-0.006467996770117347,0.014285714285714285,-0.12938277572000112,0.0005103342800221258,0.0060018433371201,-0.000161922388667,-3062.0,2572.0,-0.0018068526308382,0.0009725149538112,0.0068480194091727,0.0108904133995882,83.13833448038541,21466.2,20914.5,0.0160095459262979,0.0102753727423023,0.0061637657257872,-0.0012027572343226,0,-156.0,-0.0028288650774722073
2024-05-27,21872.0,21928.0,21855.0,21917.0,33946,108,0.01619096129977549,0.0020553114179882983,0.0033376005852231165,0.41223397364326425,0.009970905315003838,0.0183549673209351,0.0183518941657755,323.0,-3062.0,0.0142728021438716,-0.0018068526308382,0.0068781597729538,0.0106758432200931,85.71428571428571,21580.8,20999.35,0.0060018433371201,-0.000161922388667,3.073155159519919e-06,0.0054402291661481,1,105.0,0.002035890607916919
2024-05-31,21287.0,21641.0,21177.0,21563.0,161412,168,0.008008610108860456,0.01288232517798779,0.021797341100202,0.2281868523159933,-0.012557642320709416,-0.0089813370524053,-0.0088640861070459,1053.0,-5305.0,-0.0049676735395524,-0.0153552990381761,0.0117152520797341,-0.0099082099109765,60.029940119760475,21645.4,21235.05,-0.0323216042681845,-0.018705777747687,-0.0001172509453594,-0.0056406461468953,1,114.0,0.005230945982890124
2024-06-03,21653.0,21666.0,21467.0,21497.0,98136,108,0.009910791233882997,-0.007230622464154052,0.009190412413984205,0.5780034226753263,0.01395176795237592,-0.0126319629981225,-0.0096925582954943,353.0,1053.0,0.0171875956085908,-0.0049676735395524,0.0117885134829168,-0.0130690308196907,64.28889879625501,21601.2,21287.65,-0.0089813370524053,-0.0088640861070459,-0.0029394047026281,-0.0102828669555839,1,184.0,0.011370120880839649
2024-06-04,21286.0,21577.0,21135.0,21559.0,178930,168,-0.004396832112836483,0.01274378315701747,0.020764821948698674,0.6006403961733195,-0.00986381089514605,0.0255578166264062,0.0056734819703101,-2640.0,353.0,-0.0155445955910627,0.0171875956085908,0.0128560780214552,-0.0101542373549715,53.61667347772784,21474.4,21321.15,-0.0126319629981225,-0.0096925582954943,0.0198843346560961,0.0085801607012787,0,-94.0,0.004507523076635658
2024-06-05,21458.0,21787.0,21172.0,21302.0,163570,168,-0.0008446342766698571,-0.007296571193580453,0.028660639388573026,-0.08975363463333617,-0.004695826561315551,-0.0161345358885341,-0.0070582673510543,-2390.0,-2640.0,0.0066849231018837,-0.0155445955910627,0.0135889075624753,-0.0293037559674809,51.96783749471012,21422.6,21358.05,0.0255578166264062,0.0056734819703101,-0.0090762685374797,-0.0111941467431525,1,30.0,0.00155644161479222
2024-06-06,21893.0,21932.0,21722.0,21787.0,131086,168,0.014982939244669018,-0.004853489381002344,0.009592107066185539,-0.2213874369140081,0.027365986004225237,0.0662913832115866,0.0441922690103438,2643.0,-2390.0,0.0190139098441504,0.0066849231018837,0.01426028434515,-0.0119950494583167,59.83217803721269,21519.4,21421.2,-0.0161345358885341,-0.0070582673510543,0.0220991142012428,0.005278782724894,1,362.0,0.0032471576183875604
2024-06-07,21898.0,21928.0,21730.0,21814.0,132776,168,-0.0027924667371270005,-0.0038433429446819846,0.009041921636679148,0.012809901461991508,0.005081846807036249,-0.0052309489026599,-0.0085941461397675,5918.0,2643.0,0.0010052088939268,0.0190139098441504,0.0147294096770974,0.0223741594240098,60.90142909490656,21641.8,21475.6,0.0662913832115866,0.0441922690103438,0.0033631972371076,0.0022883305180122,0,-36.0,0.003781946076957388
2024-06-11,21816.0,21821.0,21646.0,21671.0,82094,108,-0.010374679907411305,-0.006668684313093729,0.008021635496883022,1.0858550684148616,0.0010548282296133878,0.0226744500304332,0.0141152029353421,-78.0,5918.0,-0.004531418670485,0.0010052088939268,0.013996109708059,0.0283470418574891,59.29361398501605,21670.6,21521.35,0.0142131854951488,-0.0027273697030364,0.008559247095091,0.0026522788549697,1,23.0,0.000605264200043572
2024-06-12,22056.0,22311.0,21666.0,21837.0,140284,168,0.0017875563371106927,-0.009978894917265058,0.02924374319912949,0.5358040070852251,0.01760971249130197,-0.0146767583611025,0.0005555633327822,-5244.0,-78.0,0.0113129570740038,-0.004531418670485,0.012851162074895,0.0066280275784132,58.43351548269582,21815.8,21573.0,0.0226744500304332,0.0141152029353421,-0.0152323216938847,-0.0055812396126948,1,31.0,-0.0037931967691425365
2024-06-13,22325.0,22403.0,22193.0,22286.0,150208,168,0.01082749908373838,-0.0017484481377005798,0.009406494960806271,0.06835206096333685,0.022101347958332223,0.0429367332971294,0.0285682966088867,4711.0,-5244.0,0.0124863575421102,0.0113129570740038,0.0091033969681237,0.0334855802434798,61.97934021992669,21987.8,21632.0,-0.0146767583611025,0.0005555633327822,0.0143684366882427,0.0098918185488983,1,262.0,0.0007467918378125903
2024-06-14,22500.0,22506.0,22181.0,22270.0,120540,168,-0.002377055813957602,-0.010274827941098214,0.014444444444444444,-0.22003935217366033,0.009556630585512302,0.0027452424282043,0.0146631555145625,-2179.0,4711.0,0.0083865415487925,0.0124863575421102,0.0094640264360002,0.0392870146837062,65.01587301587301,22115.0,21689.05,0.0429367332971294,0.0285682966088867,-0.0119179130863581,0.0006721785559266,0,-49.0,0.0034126665356304913
2024-06-17,22489.0,22622.0,22482.0,22591.0,80394,108,0.003547518243058811,0.004525296098736891,0.006225265685446218,1.4238337758076292,0.0014239311799438747,-0.0023162933766636,-0.0007338563598733,463.0,-2179.0,-0.0015115144693362,0.0083865415487925,0.0072714396003114,0.0286596463883484,60.473208072373005,22231.0,21746.1,0.0027452424282043,0.0146631555145625,-0.0015824370167902,0.0105839996611178,0,-81.0,0.003999320504279864
2024-06-18,22785.0,23008.0,22586.0,22734.0,129232,168,0.011369037101828508,-0.0022408234513271335,0.018520956769804697,0.4746696921654146,0.00855082784076061,0.0270497185668263,0.0159115134402541,-337.0,463.0,0.0136537481132338,-0.0015115144693362,0.0077516796224498,0.0261429230250854,63.402061855670105,22428.6,21820.3,-0.0023162933766636,-0.0007338563598733,0.0111382051265722,0.0020932156305731,1,249.0,0.004179833176976573
2024-06-19,23150.0,23228.0,22934.0,22947.0,90032,168,0.007040896731914715,-0.00880757152440436,0.012699784017278618,-0.3614440760090174,0.018133179267724262,0.0137282994869066,0.0134496987089709,254.0,-337.0,0.0190829724239782,0.0136537481132338,0.0061224955265083,0.0443280898088043,72.69707037148898,22664.4,21917.7,0.0270497185668263,0.0159115134402541,0.0002786007779357,0.0026366687801067,1,170.0,0.007319150692267345
2024-06-25,22722.0,22769.0,22572.0,22590.0,129322,168,-0.006881975282340867,-0.005826287667800901,0.008670011442654696,0.13520082548260012,-0.0017588607119852545,-0.035993146329463,-0.0306200090653443,-999.0,-3620.0,-0.0001319000199761,-0.0201939145240928,0.0160093880678071,0.0118967415995627,74.04528556944913,23060.4,22190.2,-0.0081294501584278,-0.0128215251125188,-0.0053731372641186,-0.0132764636804047,0,-138.0,0.0038426528504674523
2024-06-26,22870.0,22938.0,22612.0,22816.0,155798,168,0.003204638489608972,-0.0023639638028043163,0.01425448185395715,0.18625487813422728,0.012318677554777932,0.0281442489568059,0.0177398394411191,-1966.0,-999.0,0.0056560492777341,-0.0001319000199761,0.0147172304107889,-0.0018889065336472,73.92190152801359,22989.8,22236.1,-0.035993146329463,-0.0306200090653443,0.0104044095156868,0.0059535798001048,1,63.0,0.0011211866463942744
2024-06-27,22810.0,22967.0,22646.0,22685.0,146674,168,-0.008209541904083482,-0.005495123180369437,0.014072775098640947,-0.0603478593895395,-0.00026300793558873257,-0.0030752699148748,-0.0028095916200979,-2539.0,-1966.0,-0.00345998374301,0.0056560492777341,0.0110455557417533,-0.0153158296798913,67.57274119448698,22872.8,22289.65,0.0281442489568059,0.0177398394411191,-0.0002656782947768,0.002889795784844,0,-258.0,-0.0039622928989384585
2024-06-28,22978.0,23104.0,22820.0,22858.0,118664,168,0.0028476941984055208,-0.0052360709557668405,0.0123596483593002,-0.2119164669729276,0.012833323315245927,-0.0025604011042376,-0.0057443005086637,1250.0,-2539.0,0.0083013409257928,-0.00345998374301,0.0096869353729838,-0.0253419379085777,69.53237410071942,22827.4,22369.25,-0.0030752699148748,-0.0028095916200979,0.003183899404426,0.0078842877639472,1,115.0,-0.0007190697386896622
2024-07-01,23000.0,23013.0,22800.0,22884.0,111698,108,-0.004316835796511275,-0.005056239522867395,0.009260869565217392,0.9291576289154704,0.002394168082352762,0.0126217833837164,0.0093947775609906,-2107.0,1250.0,0.0003480227990058,0.0083013409257928,0.0111956096577025,-0.0098284080835519,72.18296764596505,22876.4,22454.55,-0.0025604011042376,-0.0057443005086637,0.0032270058227257,0.0032686176711827,0,-23.0,-0.0032262278340630776
2024-07-02,22820.0,22987.0,22752.0,22917.0,120464,168,-0.003223841774466989,0.004241648793402782,0.010297984224364592,0.07555215229586415,-0.0028006319723527205,-0.0085516048938264,0.0008932238709065,565.0,-2107.0,-0.0069835734044828,0.0003480227990058,0.0047449240729138,0.0107135292395467,65.09034986543637,22894.0,22513.4,0.0126217833837164,0.0093947775609906,-0.009444828764733,0.0013492635504336,0,-153.0,-0.0015643277908575799
2024-07-03,23202.0,23478.0,22925.0,23051.0,136082,168,0.009589890852223854,-0.006529329403674529,0.023834152228256186,0.12190669210875603,0.012359488625882676,0.0193667336849585,0.0123099847894773,969.0,565.0,0.0153862562461074,-0.0069835734044828,0.0063004617556116,0.00386185585504,66.0941000746826,22956.6,22606.65,-0.0085516048938264,0.0008932238709065,0.0070567488954812,-0.0003065536821396,1,242.0,0.0006830710937485313
2024-07-04,23626.0,23697.0,23440.0,23470.0,78286,168,0.012217492019507913,-0.006624790663396055,0.010877846440362313,-0.5528888576954437,0.02463864807678768,0.0379173367415236,0.0190651019810811,-485.0,969.0,0.0187576265981973,0.0153862562461074,0.0090769379878944,0.0135920628234133,68.9996585865483,23122.8,22714.7,0.0193667336849585,0.0123099847894773,0.0188522347604425,0.0048424151003977,1,302.0,0.006194513699088261
2024-07-10,24010.0,24195.0,23713.0,23766.0,115998,168,-0.004701545055361953,-0.010214422365327222,0.02007496876301541,0.09026593966078414,0.005931760573326301,-0.0113702167493522,-1.6938903070207914e-06,-5353.0,-934.0,0.005096297424749,-0.0014647111906992,0.0100325051986446,0.0448382713258797,62.20565149136577,23797.0,23101.95,0.0142465379793331,0.0190698264913027,-0.0113685228590452,-0.0028020008713761,0,-119.0,0.005701945938789939
2024-07-11,24346.0,24449.0,24016.0,24251.0,187788,168,0.010404023298722162,-0.0039097113407366695,0.01778526246611353,0.4817407173906152,0.02411157711957005,0.0347773572069378,0.0238816740413084,1157.0,-5353.0,0.0151759275366695,0.005096297424749,0.0094235999507961,0.0345483125045213,71.05933745904623,23945.6,23204.15,-0.0113702167493522,-1.6938903070207914e-06,0.0108956831656294,0.0100924242812943,1,251.0,0.005973323420956041
2024-07-12,23820.0,24156.0,23790.0,24049.0,162210,168,-0.013136342238898927,0.009567851718562106,0.015365239294710327,-0.14642187490701203,-0.017932289719513793,-0.0348856804887382,-0.0353150017934211,-1621.0,1157.0,-0.0232080992339338,0.0151759275366695,0.0083756807915518,0.0309666134429935,68.68402533427164,23993.2,23269.0,0.0347773572069378,0.0238816740413084,0.0004293213046828,0.0047719042379473,0,-329.0,-0.002477954665179572
2024-07-15,23877.0,24038.0,23852.0,23933.0,98714,108,0.005236601061796289,0.0023426072206556635,0.007789923357205679,0.8114976726083469,-0.0074272226595949965,0.015328968318172,0.0131645948012469,-5080.0,-1621.0,0.0018883369367748,-0.0232080992339338,0.0156970148966047,0.0100469417026415,69.24410540915395,23981.2,23337.8,-0.0348856804887382,-0.0353150017934211,0.0021643735169251,-0.0096142528799157,1,283.0,0.0008347607072065087
2024-07-16,23985.0,24054.0,23711.0,23780.0,147118,168,-0.003065104324820309,-0.008583743691391442,0.014300604544506984,0.3990082055067469,0.0021703752415496605,-0.0114340902531207,0.0004362574924944,4111.0,-5080.0,0.0062271646217934,0.0018883369367748,0.0141363521710791,-0.0025122485264396,69.45592286501378,24006.0,23398.6,0.015328968318172,0.0131645948012469,-0.0118703477456152,-0.0099283311781812,0,-23.0,-0.0036549485006409817
2024-07-17,23703.0,24086.0,23356.0,24064.0,163644,168,0.002579787558179697,0.015115325358723411,0.030797789309370122,0.1064583508047881,-0.0032432688539298666,0.0044173252161928,0.0045450631950714,-916.0,4111.0,-0.0135485808148745,0.0062271646217934,0.0144211180386706,0.005179627286053,64.07242693773824,23941.8,23421.3,-0.0114340902531207,0.0004362574924944,-0.0001277379788785,0.0071918690985988,0,-22.0,0.0015837614317185604
2024-07-18,23519.0,23592.0,22872.0,23238.0,340708,168,-0.018799709633704965,-0.012019735359079714,0.030613546494323737,0.7333324687959363,-0.022908342647679405,-0.0831291818961477,-0.0705418569579633,2292.0,-916.0,-0.0125793167831188,-0.0135485808148745,0.0154803866853571,-0.0134652509535705,56.14628149969269,23745.0,23421.55,0.0044173252161928,0.0045450631950714,-0.0125873249381844,-0.012631570204993,0,-385.0,-0.006428342133448524
2024-07-19,22878.0,23095.0,22692.0,23050.0,231840,168,-0.01434349316859867,0.007490019339175733,0.017615176151761516,-0.38497832688726125,-0.01561311965718841,0.0039058702265363,0.0051101317433926,-8191.0,2292.0,-0.0204794161600452,-0.0125793167831188,0.0120720407593006,-0.0412204952733589,48.897849462365585,23565.2,23406.5,-0.0831291818961477,-0.0705418569579633,-0.0012042615168562,0.003813445930796,0,-235.0,-0.010187805081374644
2024-07-22,22399.0,22645.0,22366.0,22548.0,118386,108,-0.015883476231882448,0.006630055211999361,0.012455913210411179,1.3274611013615165,-0.01708610970851655,-0.0361370696911778,-0.0316293940977891,5796.0,-8191.0,-0.0234068273181932,-0.0204794161600452,0.0112608748929358,-0.0384918121994704,44.474327628361856,23270.4,23388.15,0.0039058702265363,0.0051101317433926,-0.0045076755933886,-0.0103785372603814,0,-50.0,-0.016342226344728695
2024-07-23,22828.0,22866.0,22522.0,22647.0,381334,384,0.011904373692579783,-0.007960459848864218,0.015069213246889784,1.169725159306475,0.012341482455133139,0.0213662804445379,0.0392177038685897,-3002.0,5796.0,0.0199524414086864,-0.0234068273181932,0.011555423081549,-0.0637869764544384,45.760687843324575,23036.0,23392.5,-0.0361370696911778,-0.0316293940977891,-0.0178514234240517,-0.0212218937448934,1,221.0,-0.006107531902633777
2024-07-26,22080.0,22326.0,22076.0,22243.0,111136,108,-0.026048108170111006,0.0073551309626986245,0.011322463768115942,0.4540361953553043,-0.028573372444056,0.002999311034659,-0.0198384395971373,7414.0,-3002.0,-0.0327241219590008,0.0199524414086864,0.0173634275679777,-0.0500616996675454,32.94668748605844,22719.2,23353.65,-0.0608161278621175,-0.0556622204178387,0.0228377506317963,0.010125554263464,0,-802.0,-0.010009070236471225
2024-07-29,22243.0,22266.0,21884.0,21987.0,117278,108,-0.004899968970880452,-0.011575982759770348,0.017173942363889763,1.1288048290861237,-0.0004494786123857883,0.0103036537802048,0.0193447430662162,-4586.0,7414.0,0.0074849298854887,-0.0327241219590008,0.0202221056965022,-0.0692372408116717,35.75625680087052,22494.8,23327.05,0.002999311034659,-0.0198384395971373,-0.0090410892860114,0.0030369671824682,1,335.0,-0.00634790114947056
2024-07-30,22250.0,22317.0,21870.0,22001.0,157428,168,-0.011748361597448157,-0.011254101741505318,0.020089887640449437,0.2944210260999625,0.01189063900042642,-0.0119898726539484,-0.0030438932561783,1114.0,-4586.0,-0.0006740512983545,0.0074849298854887,0.022409159022075,-0.0491729941430641,30.466369814858226,22362.2,23290.2,0.0103036537802048,0.0193447430662162,-0.00894597939777,-0.0075630800639249,0,-328.0,-0.01423214624614654
2024-07-31,22352.0,22567.0,21786.0,21898.0,168626,169,-0.015766908718604377,-0.020520494063372842,0.034940944881889764,0.06871503394219672,0.01582789564386225,-0.0347832101183051,-0.0395872028550287,-2736.0,1114.0,0.0019759302279399,-0.0006740512983545,0.0217992811342496,-0.0293676292813734,31.43124415341441,22344.4,23255.15,-0.0119898726539484,-0.0030438932561783,0.0048039927367236,0.0141698651905489,0,-196.0,-0.010805079762310996
2024-08-01,22580.0,22687.0,22202.0,22687.0,199482,168,0.01765392581694623,0.00472751449320776,0.021479185119574844,0.1680407618663471,0.030669250270282906,0.070329423271957,0.067796199590666,1904.0,-2736.0,0.0161541460916207,0.0019759302279399,0.0195331452690967,-0.0039848717352402,35.08966127961037,22309.0,23246.25,-0.0347832101183051,-0.0395872028550287,0.0025332236812909,0.0108255455049225,1,431.0,-0.0032871148330354365
2024-08-02,21495.0,22270.0,20951.0,22128.0,290074,168,-0.023448518566995837,0.02902342497415764,0.06136310769946499,0.3744120561479324,-0.05397172326647872,-0.0470488275773153,-0.0740651174227377,-4213.0,1904.0,-0.0507056513649272,0.0161541460916207,0.0185747939212885,-0.0077831670523059,23.111954459203034,22196.6,23163.65,0.070329423271957,0.067796199590666,0.0270162898454223,-0.002997313479468,0,-653.0,-0.0071871671562179955
2024-08-05,19374.0,20088.0,18836.0,20029.0,271122,108,-0.07240541880537552,0.03324926231490222,0.06462269020336533,1.6590859920324867,-0.08519888927449304,-0.0540320466810008,-0.0532122522222882,-3758.0,-4213.0,-0.1056546811202778,-0.0507056513649272,0.0262661303791745,-0.0257646964582323,17.729257641921407,21619.2,22951.15,-0.0470488275773153,-0.0740651174227377,-0.0008197944587126,-0.0214558112338449,0,-821.0,-0.02606667051847504
2024-08-06,20332.0,20488.0,19947.0,20223.0,266434,168,0.042888609535218315,-0.005375429045244612,0.026608302183749755,-0.017442345928756216,0.015014776265560671,-0.012827023492923,-0.0193514395981778,5654.0,-3758.0,0.0525828517323262,-0.1056546811202778,0.0503497976111286,-0.1389043074639989,28.192097573370603,21254.0,22793.65,-0.0540320466810008,-0.0532122522222882,0.0065244161052548,-0.0667812814450433,1,1021.0,-0.017655109279051014
2024-08-07,21061.0,21454.0,20228.0,20320.0,233398,168,-0.004909190026238408,-0.03581736624906498,0.05821186078533783,-0.13238140731469863,0.04060241841993467,0.0490636862234306,0.0105909480980391,3921.0,5654.0,0.0342263438482706,0.0525828517323262,0.0618399065698178,-0.0856474044333181,32.977588046958374,21022.2,22654.55,-0.012827023492923,-0.0193514395981778,0.0384727381253914,0.0012250399669977,1,80.0,-0.011475333098798536
2024-08-08,20801.0,21310.0,20565.0,20725.0,261684,168,-0.019400455563431465,-0.0036603614533322697,0.035815585789144753,0.11439251812315801,0.02339543976440988,-0.0022551516895475,-0.0314240489945103,3593.0,3921.0,-0.0208007117010621,0.0342263438482706,0.0658807300029112,-0.0533969908129874,32.54534815681686,20630.8,22495.45,0.0490636862234306,0.0105909480980391,0.0291688973049627,0.0303162704404276,0,-451.0,0.006192987981849481
2024-08-09,21507.0,21820.0,21220.0,21429.0,215922,168,0.03480469995721709,-0.003633318697899816,0.027897893709024967,-0.1922204376018724,0.03703776251748614,0.0595315132319097,0.0663700197719322,123.0,3593.0,0.0372283786081116,-0.0208007117010621,0.0641684344722374,-0.0903518486056703,39.47310161611689,20620.4,22369.5,-0.0022551516895475,-0.0314240489945103,-0.0068385065400225,0.0007733952434996,1,609.0,0.0034983514558490727
2024-08-12,21633.0,21924.0,21560.0,21877.0,122850,108,0.018267033143930016,0.011215930033037398,0.01682614524106689,1.2914504904869903,0.003333799448316857,0.0154976213836199,-0.0043560972573409,-197.0,123.0,0.0090829671209467,0.0372283786081116,0.0650322288635085,-0.0024178186326314,42.96482412060301,21081.0,22235.0,0.0595315132319097,0.0663700197719322,0.0198537186409609,0.0082270365399642,1,169.0,0.011223759179238547
2024-08-13,21805.0,21970.0,21692.0,21803.0,124046,168,0.00579578439312461,-9.172628881870125e-05,0.012749369410685623,0.009688365588263963,-0.0032965553410398704,0.0030470828389848,0.0072715113978408,-2706.0,-197.0,0.0042351488060126,0.0090829671209467,0.0287852920674907,0.1123198296085931,46.33325318586199,21350.8,22133.05,0.0154976213836199,-0.0043560972573409,-0.0042244285588559,0.0012463361642875,1,171.0,0.019622505831423904
2024-08-14,22018.0,22202.0,21731.0,22113.0,180586,168,0.01567873145646223,0.0043053702270501246,0.02139158870015442,0.37555465404280575,0.009812725642300395,0.0277099944092315,0.0409901638389174,-1182.0,-2706.0,0.009555013605933,0.0042351488060126,0.0238328270089713,0.0639721266822795,44.725111441307575,21520.2,22039.3,0.0030470828389848,0.0072715113978408,-0.0132801694296858,-0.0036224447526046,1,335.0,0.013247182997838952
2024-08-15,21839.0,22334.0,21753.0,21954.0,161950,168,-0.001092597759607607,0.00525199298248971,0.026603782224460828,-0.1089194729809194,-0.012468308592626348,-0.0138471622836577,-0.0018145548255424,2685.0,-1182.0,-0.0062988021480279,0.009555013605933,0.0206242958851672,0.039300796439942,48.295226634576814,21749.0,21931.2,0.0277099944092315,0.0409901638389174,-0.0120326074581152,-0.005716634596383,1,15.0,0.006793972696659745
2024-08-16,22368.0,22407.0,22166.0,22357.0,134220,168,0.02339632025141769,-0.0004918949232776556,0.010774320457796853,-0.1878074008872451,0.01868201078627491,0.0232035641685635,0.0475079337430652,57.0,2685.0,0.0238435074514287,-0.0062988021480279,0.0161122306804056,0.0538027059929761,50.67602040816327,21926.2,21865.6,-0.0138471622836577,-0.0018145548255424,-0.0243043695745017,-0.0069810700328549,1,484.0,0.012660817982757437
2024-08-19,22325.0,22484.0,22246.0,22437.0,80946,108,0.0031247235495071167,0.005004255115077447,0.010660694288913773,1.307386957233502,-0.0008059461347866273,0.0033283164253806,-0.0006051807621666,-1800.0,57.0,-0.0002682883221243,0.0238435074514287,0.0108766095780625,0.0404178348362932,50.73426126931427,22063.0,21814.5,0.0232035641685635,0.0475079337430652,0.0039334971875472,0.0019243254019458,1,33.0,0.008476148680439067
2024-08-20,22441.0,22578.0,22254.0,22555.0,97100,168,0.008638400854350492,0.005067127918919641,0.01443785927543336,0.1819591096125442,0.00017826106379921605,0.0052001006614713,0.0184582201385384,297.0,-1800.0,0.0033484416400818,-0.0002682883221243,0.0114506335424038,0.0310665793932221,50.928516916815056,22196.4,21790.85,0.0033283164253806,-0.0006051807621666,-0.0132581194770671,-0.0017425888549853,1,194.0,0.011719814885091766
2024-08-21,22220.0,22364.0,22014.0,22313.0,131228,168,-0.005497343393724326,0.004176684040882247,0.01575157515751575,0.3011948930771923,-0.014963986648875275,-0.0196271037873434,-0.0134324671138214,-983.0,297.0,-0.0105745227678566,0.0033484416400818,0.0114957072814769,0.0301798722272912,47.07175177763413,22240.8,21781.9,0.0052001006614713,0.0184582201385384,-0.006194636673522,-0.0052899592142688,0,-125.0,0.0020885936700444276
2024-08-22,22157.0,22301.0,21854.0,22254.0,158576,168,0.0024294788572750766,0.004368294082369899,0.020174211310195422,0.18929770528988116,-0.007015994599227203,-0.0034935206712854,0.0136907331103207,-1363.0,-983.0,-0.0045146803545265,-0.0105745227678566,0.0133331398940896,0.0100503358535014,54.221891288160826,22292.8,21745.4,-0.0196271037873434,-0.0134324671138214,-0.0171842537816062,-0.004987541511039,1,29.0,0.0018568454393004142
2024-08-23,22118.0,22439.0,21765.0,21833.0,192598,168,-0.012155021842727666,-0.012969169972188761,0.0304729179853513,0.19437114142976447,-0.0061300110823404785,-0.0295985145054901,-0.0349689408875161,3911.0,-1363.0,0.0013113569900217,-0.0045146803545265,0.0130765905393846,0.0118344576470028,80.04362050163577,22245.2,21747.1,-0.0034935206712854,0.0136907331103207,0.0053704263820259,-0.0058201341850655,0,-158.0,-0.005074295459725638
2024-08-26,22192.0,22313.0,22028.0,22062.0,84110,108,-0.003032293966538976,-0.00587519202528584,0.012842465753424657,0.9507623072889203,-0.004406283825301721,0.0286646982073444,0.0274845113861876,-1770.0,3911.0,0.0034735571183448,0.0013113569900217,0.0055298833929231,-0.010697692814404,74.69579646017698,22214.2,21744.35,-0.0295985145054901,-0.0349689408875161,0.0011801868211567,0.0084863571184297,1,101.0,-0.0042526123173305215
2024-08-27,22159.0,22299.0,21992.0,22085.0,132932,168,-0.005463877583584193,-0.0033450894585780803,0.013854415812987951,0.4577122533046552,0.004387062959877892,-0.0129867301715522,-0.0254322838819133,-2129.0,-1770.0,-0.0027056293561574,0.0034735571183448,0.0060729610891289,-0.0069558473739347,67.11635750421584,22156.2,21739.35,0.0286646982073444,0.0274845113861876,0.0124455537103611,-0.0010802053440313,0,-94.0,-0.006883731130950278
2024-08-28,22431.0,22552.0,22184.0,22238.0,135328,168,0.004145644005140948,-0.008641393404830677,0.016405866880656234,0.017863742011077037,0.01554528563739844,0.0087156880519241,0.0109804820101309,-513.0,-2129.0,0.0114487074457577,-0.0027056293561574,0.0054648184254909,-0.013009918370174,80.61041292639138,22196.4,21744.9,-0.0129867301715522,-0.0254322838819133,-0.0022647939582068,0.0015364456906572,1,35.0,-0.0014501758483274072
2024-08-29,22200.0,22478.0,22099.0,22150.0,164970,168,-0.01126810423052973,-0.0022547923870890937,0.01707207207207207,0.19806217789775502,-0.0017102484028237062,-0.0079471196446266,-0.0184217634350789,259.0,-513.0,-0.0100949777141816,0.0114487074457577,0.006251259257687,0.0090133118434404,65.61797752808988,22211.6,21721.05,0.0087156880519241,0.0109804820101309,0.0104746437904523,0.0098695341530219,0,-463.0,-0.004195445936324325
2024-08-30,22318.0,22463.0,22138.0,22281.0,134628,168,0.004723674347776266,-0.00165923040824042,0.01456223675956627,-0.20324821983700514,0.007556031272364922,-0.000295540433642,-0.0060086669509528,272.0,259.0,0.0066069140757411,-0.0100949777141816,0.0079330014175246,0.0034330144837853,64.84375,22250.4,21760.55,-0.0079471196446266,-0.0184217634350789,0.0057131265173108,0.0107903300183503,1,144.0,-0.0007995952925375053
2024-09-02,22215.0,22234.0,22062.0,22219.0,51192,108,-0.004669758384932936,0.00018004231042908713,0.007742516317803286,0.2738181082147948,-0.003818942078201278,0.0149629307146664,0.0254369694707037,-2583.0,272.0,-0.0043097709806042,0.0066069140757411,0.0083782639575737,0.0087285715695047,60.5045871559633,22254.6,21903.2,-0.000295540433642,-0.0060086669509528,-0.0104740387560372,0.0001343995701237,0,-5.0,-0.0037380627558954668
2024-09-06,21299.0,21530.0,20731.0,21362.0,247442,168,0.008414669465184252,0.002953519411040306,0.03751349828630452,0.36185781725130756,0.002962268535038217,0.0174390668292057,-0.0059769690884084,5248.0,6326.0,0.0063997206800856,0.0112035351786904,0.0252268413720912,-0.0458116498051732,32.35094850948509,21549.2,21992.75,0.0023648386355315,0.0024869444204154,0.0234160359176141,-0.0059774729082063,1,28.0,0.002822861809342527
2024-09-09,21106.0,21330.0,21073.0,21249.0,109092,108,-0.003288858442809731,0.0067524751906967075,0.012176632237278499,0.6310935944992566,0.026209919661934002,-0.0429367947923398,-0.0462185637324314,-1862.0,5248.0,-0.0116060936673292,0.0063997206800856,0.025194611920485,-0.0460188432008287,28.178033941722703,21318.4,21962.55,0.0174390668292057,-0.0059769690884084,0.0032817689400915,0.0050787788453256,0,-585.0,0.00015201754581386137
2024-09-10,21023.0,21348.0,20851.0,21310.0,153352,168,0.011183845895449995,0.01355936962753701,0.02364077438995386,0.34054436960813766,-0.01069275895660656,0.0373010116965936,0.0213159852100326,-566.0,-1862.0,-0.0034701624916527,-0.0116060936673292,0.0250511804451904,-0.0533151658875536,29.729729729729726,21104.4,21924.1,-0.0429367947923398,-0.0462185637324314,0.015985026486561,0.0162177353141554,1,160.0,0.0054365523059415055
2024-09-11,21066.0,21277.0,20819.0,21145.0,217918,169,0.00688103320102897,0.003743104510101698,0.02174119434159309,0.3513829127032907,-0.011516079696175562,-0.0021525641397738,0.011796286436392,1132.0,-566.0,0.0002380668979222,-0.0034701624916527,0.0252318670341792,-0.0496967825452218,30.890052356020945,21116.0,21875.45,0.0373010116965936,0.0213159852100326,-0.0139488505761659,-0.0110341374762336,1,100.0,0.004925340217889745
2024-09-12,21702.0,21793.0,21160.0,21517.0,173486,168,0.024082815749968543,-0.008561101826701863,0.02916781863422726,-0.22802194075063298,0.026000951273563944,0.0469032794431516,0.0478673031291538,-762.0,1132.0,0.033058539930755,0.0002380668979222,0.0088281739392483,0.0027650665977163,44.09937888198758,21221.6,21869.0,-0.0021525641397738,0.011796286436392,-0.0009640236860022,-0.0045125358606754,1,592.0,0.014049231615482502
2024-09-13,21789.0,21895.0,21673.0,21802.0,98018,168,0.004182664154066381,0.0005964534140259255,0.010188627288999037,-0.5709457692144637,0.012561934920826873,0.0107086011059205,-0.0023917733958445,-2643.0,-762.0,0.0050079358528243,0.033058539930755,0.0170249377257595,0.0246200713497809,44.59988808058198,21321.8,21841.65,0.0469032794431516,0.0478673031291538,0.0131003745017651,0.0052646283968248,1,89.0,0.011715504368354631
2024-09-16,21800.0,21849.0,21600.0,21645.0,66880,108,-0.008052499510980861,-0.007135488901099447,0.011422018348623853,1.1576159163932076,-0.001787392487591752,0.0062224521433107,0.016611551710867,-1410.0,-2643.0,-0.0003208580688952,0.0050079358528243,0.0170061454971876,0.0232282865225196,45.27122976427152,21469.8,21814.25,0.0107086011059205,-0.0023917733958445,-0.0103890995675563,0.0009170106098814,0,-13.0,0.0067376601310180214
2024-09-18,21714.0,21756.0,21640.0,21656.0,56052,108,-0.0072235700240293995,-0.0026746614976602846,0.005342175554941512,0.9771963822569858,-0.0011506686653816062,-0.0102845060356592,0.0003380299309966,-496.0,-1410.0,-0.0089335646637021,-0.0003208580688952,0.0149324436671242,0.0345135221209536,38.69942196531792,21593.6,21773.4,-0.0200253736182448,-0.0141647879355905,-0.0106225359666558,0.0002751031654213,0,-83.0,-0.003697801793647959
2024-09-19,22099.0,22314.0,21605.0,21651.0,186468,168,0.001479085085918493,-0.020480715872922092,0.032082899678718496,1.2019798112846263,0.02024980631916786,-0.0004185100517675,-0.0108092240806691,1799.0,-496.0,0.0208278876783648,-0.0089335646637021,0.0160400498237926,0.0290501199489042,48.617886178861795,21807.4,21767.1,-0.0102845060356592,0.0003380299309966,0.0103907140289015,-0.0051212365960109,1,144.0,-0.004598994816363922
2024-09-20,22228.0,22434.0,22097.0,22353.0,107660,168,0.012560094889007754,0.005607784822025405,0.015161058124887529,-0.5492815294597863,0.02630111265942898,0.0520643290126152,0.0417874856868158,213.0,1799.0,0.0065923388607915,0.0208278876783648,0.0168733086069406,0.0496399407293468,48.60395771211711,21909.2,21773.1,-0.0004185100517675,-0.0108092240806691,0.0102768433257994,0.0141891652187623,1,271.0,0.0022718699836322825
2024-09-23,22300.0,22390.0,22194.0,22355.0,77476,108,0.006057225474459923,0.002463331219870964,0.008789237668161434,1.119954641701336,0.004764696387701151,-0.0122184473485264,-0.0132299063499927,-1681.0,213.0,0.005296479907151,0.0065923388607915,0.0108954846593077,0.0231737396593834,51.495553759094584,22012.8,21783.55,0.0520643290126152,0.0417874856868158,0.0010114590014663,-0.0056097981739309,1,71.0,0.006698801816462056
2024-09-24,22553.0,22824.0,22281.0,22318.0,129404,168,-0.000895736355125328,-0.010474567030461925,0.02407661951846761,0.5129710825101264,0.008818085108027458,0.0038987624710246,0.0051367225624866,-3917.0,-1681.0,0.0068259650703998,0.005296479907151,0.0108987191024146,0.02346228371371,55.67844618289722,22148.4,21797.8,-0.0122184473485264,-0.0132299063499927,-0.001237960091462,0.0021062545598395,0,-40.0,0.00590719466944745
2024-09-25,22766.0,23031.0,22747.0,22825.0,119558,168,0.014741197291997389,0.0025882315780073714,0.012474743037863481,-0.07913768421697312,0.01987466713951538,0.0404282615394934,0.0130407858968714,4113.0,-3917.0,0.0132943680065725,0.0068259650703998,0.0105395852442124,0.0306091068530052,81.97573656845753,22383.0,21830.1,0.0038987624710246,0.0051367225624866,0.0273874756426219,0.0086182408436549,1,344.0,0.006634228803777328
2024-09-26,23007.0,23395.0,22872.0,22939.0,172984,168,0.006428921576383629,-0.0029599986788410625,0.022732211935497893,0.36939749539844785,0.007942090969799611,0.0020861665700996,0.0079693379051659,-2541.0,4113.0,0.0072133036978269,0.0132943680065725,0.0065248756103952,0.0528370395232799,81.52096659559346,22559.6,21857.9,0.0404282615394934,0.0130407858968714,-0.0058831713350663,-0.001884849441355,1,242.0,0.0067581275044185625
2024-09-27,22873.0,23277.0,22704.0,23211.0,152128,168,0.011003403341992773,0.014669128590204503,0.025051370611638177,-0.12847683293386514,-0.0028813431267683156,0.0242711629002448,0.0340892223342229,-2791.0,-2541.0,-0.0031849244871519,0.0072133036978269,0.0031303832583038,0.039222455542742,78.44420210832425,22692.4,21893.3,0.0020861665700996,0.0079693379051659,-0.0098180594339781,-0.0033484843532813,1,233.0,0.01072450740345793
2024-09-30,22334.0,22435.0,22089.0,22117.0,110818,108,-0.03409143281969804,-0.009763637437016044,0.015492074863436912,1.0512747224658048,-0.01409382004123051,-0.0485842145176217,-0.0177193868147629,844.0,-2791.0,-0.0246860578137418,-0.0031849244871519,0.0059194244819826,0.0294451921947985,70.45380346065949,22690.0,21893.45,0.0242711629002448,0.0340892223342229,-0.0308648277028587,-0.0132831748611579,0,-185.0,-0.005553035967107214
2024-10-01,22403.0,22439.0,21889.0,22210.0,443948,384,-0.005209280686204339,-0.008652240558456203,0.024550283444181583,1.3878182224638969,0.012848334878207902,-0.0244579466976848,-0.0085022049983884,-965.0,844.0,0.0029071738166609,-0.0246860578137418,0.0149570486427217,-0.0005373455260943,72.7659574468085,22670.0,21901.65,-0.0485842145176217,-0.0177193868147629,-0.0159557416992964,-0.0165689520610245,0,-80.0,-0.009432436721303202
2024-10-04,22324.0,22660.0,22237.0,22506.0,130944,108,0.00512284791860374,0.008119607401618179,0.018948217165382548,0.0028449521322313448,0.010084724402479926,0.0207167719138774,0.0050877891896005,-2277.0,-965.0,-0.0047901602506325,0.0029071738166609,0.014601347488363,-0.0044561367798332,70.25657269559709,22568.4,21912.35,0.0214455945778632,0.0146702010687519,0.0156289827242769,0.006496875239364,0,-60.0,-0.01139262186243288
2024-10-07,22751.0,22757.0,22531.0,22648.0,82142,108,0.016202615651029355,-0.004537552665278446,0.009933629291020174,1.1993007877953672,0.010116491200042986,0.0093167074942094,0.0158016236606015,2479.0,-2277.0,0.0219701267406374,-0.0047901602506325,0.0122613001285955,-0.0225406650370383,68.12627291242363,22532.8,22003.95,0.0207167719138774,0.0050877891896005,-0.006484916166392,-0.0021069154941811,1,286.0,0.005372060961142919
2024-10-08,22599.0,22804.0,22453.0,22560.0,121048,168,-0.009660632269348208,-0.00172723088180919,0.015531660692951015,0.3877377042442839,-0.0021658902979311795,0.0183231102353564,-0.001930101871771,-5146.0,2479.0,-0.0089959595961573,0.0219701267406374,0.0167444865475232,-0.0077838419942278,62.4136797106215,22471.0,22073.55,0.0093167074942094,0.0158016236606015,0.0202532121071275,0.0092174680697619,0,-173.0,0.003888277100094963
2024-10-09,22666.0,22834.0,22569.0,22791.0,97648,168,0.009522621886145083,0.005499716878437647,0.011691520338833495,-0.21481798534713045,0.004687577680898655,0.0083118369235629,0.0132470552217312,1056.0,-5146.0,0.0056099270300986,-0.0089959595961573,0.01708397177602,-0.0135948771032332,64.06200569440051,22546.2,22142.7,0.0183231102353564,-0.001930101871771,-0.0049352182981683,-0.0013722584654902,1,195.0,0.0053548684226087445
2024-10-11,22911.0,23010.0,22817.0,22988.0,59976,108,0.012519314312347526,0.0033551960711382892,0.008423901182837938,0.8829395517131293,0.005339181173722546,-0.0072937996848159,-0.0052676050130682,640.0,1056.0,0.0092077644450875,0.0056099270300986,0.0119446319973948,0.0167011077406071,70.34938621340888,22650.4,22234.65,0.0058414639567757,0.0105402949168084,-0.0020261946717477,-0.0029908537425005,1,127.0,0.004127101309714801
2024-10-14,23050.0,23188.0,23017.0,23148.0,61260,108,0.010247592933357263,0.00424261426893479,0.007418655097613883,1.1178959517269023,0.0004339336149669362,0.0267149310244072,0.0079022941039183,-1399.0,640.0,0.0041811907604011,0.0092077644450875,0.0122167710041295,0.0230016983690337,66.57203690560681,22795.2,22335.05,-0.0072937996848159,-0.0052676050130682,0.0188126369204889,0.0036291332107599,1,75.0,0.010763176377283292
2024-10-15,23211.0,23262.0,22809.0,23160.0,116296,168,0.0065846711661583235,-0.0021996515306326337,0.01951660850458834,0.6410115637193945,0.0027179205238348236,0.0073104839313634,0.0178809889207032,2778.0,-1399.0,0.0093873031612659,0.0041811907604011,0.0111006209765202,0.0319730493800673,67.39356178608514,22884.4,22446.05,0.0267149310244072,0.0079022941039183,-0.0105705049893397,0.0009131427963561,1,160.0,0.009783859470621038
2024-10-16,23059.0,23248.0,22818.0,22870.0,92482,168,-0.015403276665212462,-0.00823014073149667,0.018647816470792316,-0.2291246341362236,-0.004370503938608078,-0.0267849870585905,-0.0542798649244677,22.0,2778.0,-0.0069996829173666,0.0093873031612659,0.0075430289325796,0.0193902258006958,62.35935901807024,22982.0,22513.65,0.0073104839313634,0.0178809889207032,0.0274948778658772,0.0024572684965963,0,-273.0,0.00047632914476770927
2024-10-17,23497.0,23988.0,23137.0,23175.0,168612,168,0.004844509669383253,-0.013798641974549311,0.03621738945397285,0.6005861864244033,0.027046745391778433,0.0018685602389751,0.0020677281719189,6732.0,22.0,0.0083335614740392,-0.0069996829173666,0.0066965865830714,0.0213865024794865,62.86579212916246,23092.8,22585.45,-0.0267849870585905,-0.0542798649244677,-0.0001991679329438,0.004824523103472,1,79.0,-0.0013246986098902945
2024-10-18,23686.0,23981.0,23686.0,23884.0,102148,168,0.026645615428171086,0.008324622385442591,0.012454614540234738,-0.5011774753906605,0.02181004484738455,0.0934269875497344,0.0094493039366458,-2099.0,6732.0,0.0170958909736954,0.0083335614740392,0.0069384942564037,0.0241101369234271,64.0741945981126,23241.8,22677.65,0.0018685602389751,0.0020677281719189,0.0839776836130885,0.0049140148024291,1,564.0,0.005362282810780626
2024-10-21,23560.0,23669.0,23431.0,23574.0,90980,108,-0.003514644425892647,0.0005940510209918117,0.010101867572156196,1.590817022688217,-0.006978985712605654,-0.0248893795805683,0.0007317586423396,5657.0,-2099.0,-0.0038116258243122,0.0170958909736954,0.0088252385236457,0.0319982634520351,60.173448965977315,23353.6,22775.05,0.0934269875497344,0.0094493039366458,-0.025621138222908,-0.0068665096968837,1,153.0,0.00932516022388723
2024-10-22,23611.0,23688.0,23507.0,23660.0,90934,168,0.0039384301442825145,0.002073153415414314,0.007665918427851425,-0.0005057334892360074,0.001568295330448862,0.0058104161568861,0.0012643806697767,-4820.0,5657.0,0.002796611992191,-0.0038116258243122,0.0099763589572532,0.0240054468673217,62.52089602139753,23435.2,22853.0,-0.0248893795805683,0.0007317586423396,0.0045460354871094,-0.0102582320928132,0,-7.0,0.009023133715520317
2024-10-23,23402.0,23633.0,23226.0,23561.0,122614,168,-0.003051237693787351,0.006771313907595591,0.017391675925134603,0.29890724082594383,-0.01096436975347453,-0.0173319045551516,-0.0047088667709666,-1326.0,-4820.0,-0.0096516406455745,0.002796611992191,0.009648938838329,0.0174147556982469,70.30075187969925,23503.8,22912.3,0.0058104161568861,0.0012643806697767,-0.012623037784185,0.003093681614763,0,-135.0,-0.0008758173251324944
2024-10-24,23290.0,23421.0,23133.0,23300.0,106302,168,-0.004539039180919566,0.0004292766754053381,0.012365822241305282,-0.14275710963221072,-0.011568718808112114,0.0119199085587771,-0.0114977789401687,-1190.0,-1326.0,-0.0043673800954409,-0.0096516406455745,0.0104119329552199,0.0147627979700389,66.92621431219874,23513.4,22960.6,-0.0173319045551516,-0.0047088667709666,0.0234176874989459,-0.0039229113928063,0,-23.0,-0.0012172822434748005
2024-10-25,23461.0,23709.0,23206.0,23287.0,94104,168,-0.0007297547060348207,-0.007444203111729971,0.021439836324112355,-0.12188354618821506,0.006886107491173747,-0.0146947853853576,0.0051005644934242,584.0,-1190.0,0.0075665638336773,-0.0043673800954409,0.0103198467034396,0.0020618564005587,71.62992410552945,23478.2,23010.1,0.0119199085587771,-0.0114977789401687,-0.0197953498787819,-0.0033842429541227,0,-34.0,-0.0027733438602472456
2024-10-28,23334.0,23386.0,23123.0,23165.0,81422,108,-0.013549064622199104,-0.00726900553305358,0.011271106539813149,0.9366633921592293,-0.009256758004251058,0.027457796796056,0.0106496420700086,-1981.0,584.0,-0.0066229652219526,0.0075665638336773,0.0067208252936112,-0.0074674707394593,61.26905644829007,23430.0,23036.8,-0.0146947853853576,0.0051005644934242,0.0168081547260474,0.0090266061766103,1,169.0,-0.006272619503051163
2024-10-29,23016.0,23242.0,22879.0,23168.0,90074,168,-0.006796602065552319,0.006582389954059175,0.015771637122002087,0.10098604795063457,-0.006452892619364934,-0.0440139382383188,-0.0002225826187903,-2850.0,-1981.0,-0.0151184254030444,-0.0066229652219526,0.0070716862150698,-0.0102788101370998,57.79246016323358,23298.6,23037.75,0.027457796796056,0.0106496420700086,-0.0437913556195285,-0.0137944966690838,0,-189.0,-0.007025140464595414
2024-10-30,22939.0,23138.0,22635.0,23055.0,226788,276,0.0034324727928552704,0.005044146886678003,0.02192772134792275,0.9233841056879314,-0.009933497431315021,0.0115419079492999,0.0228579432855646,-532.0,-2850.0,-0.0031386250699997,-0.0151184254030444,0.0084103048631096,-0.0281938475323352,54.01111993645751,23198.2,23038.75,-0.0440139382383188,-0.0002225826187903,-0.0113160353362646,-0.0069828748597314,1,96.0,-0.005637731298298718
2024-11-01,22756.0,22986.0,22692.0,22914.0,79510,108,0.000436509675620221,0.006919230583033133,0.012919669537704341,0.49365942572376553,0.002463922401044056,-0.0204672020672885,-0.0409434052524686,2099.0,-532.0,-0.0066145629608241,-0.0031386250699997,0.0081332131505384,-0.0216808319567604,46.76697844652298,23088.0,23060.1,-0.0125697808547683,-0.0340840695844392,0.0204762031851801,-0.0073081933067246,0,-507.0,-0.0009758731990256093
2024-11-04,23039.0,23107.0,22866.0,22987.0,69666,108,0.010231833907290133,-0.0022595933657049805,0.010460523460219627,1.0634110909844992,0.011261576896167219,0.0125689343886225,0.0109931113996819,-501.0,2099.0,0.0125782328286051,-0.0066145629608241,0.0081972064612697,-0.0239280148221435,50.62240663900415,23000.0,23092.6,-0.0204672020672885,-0.0409434052524686,0.0015758229889406,0.015769983514656,1,14.0,0.004700272125255208
2024-11-05,23136.0,23277.0,22801.0,22848.0,92576,168,-0.008411651506421097,-0.012526259819180256,0.02057399723374827,0.28431753492080053,0.006461007234074143,-0.0072300420103174,-0.0054995613088812,159.0,-501.0,0.0040713846953678,0.0125782328286051,0.0101572656100324,-0.0189163458272157,48.21993670886076,22961.8,23135.15,0.0125689343886225,0.0109931113996819,-0.0017304807014362,0.0119631185737095,0,-233.0,0.0007522306921630856
2024-11-06,23385.0,23475.0,22938.0,23250.0,163584,168,0.004958509674402295,-0.00578965914448424,0.022963438101347017,0.5692966910812356,0.023231205020675626,0.0216882428486986,0.0167132076254969,-2189.0,159.0,0.0081362510009467,0.0040713846953678,0.0105289846167611,-0.0082219959098952,55.10763209393346,23031.4,23162.4,-0.0072300420103174,-0.0054995613088812,0.0049750352232016,0.0142352707485921,1,115.0,0.0022595640250904435
2024-11-07,23555.0,23714.0,23024.0,23241.0,87604,168,-0.003564913042034443,-0.013420151834129222,0.029293143706219486,-0.6244999608746398,0.013032980118639173,-0.0130598765931171,0.0307107958659108,-3319.0,-2189.0,0.0088783236422999,0.0081362510009467,0.0078961036072216,0.0150326804940958,55.369649805447466,23157.0,23210.25,0.0216882428486986,0.0167132076254969,-0.0437706724590279,0.0031777413265442,0,-141.0,-0.002339351624684415
2024-11-08,23758.0,23840.0,23505.0,23741.0,125636,169,0.008842314291321303,-0.000715804573816981,0.01410051351123832,0.3605621781687298,0.02200135554947281,0.0404202508320758,0.0224512460596915,-1321.0,-3319.0,0.010525745520919,0.0088783236422999,0.0073693161249556,0.0270496292063955,52.56410256410256,23362.6,23264.2,-0.0130598765931171,0.0307107958659108,0.0179690047723843,0.0149419455494529,1,240.0,0.0034119703078963845
2024-11-11,23554.0,23564.0,23077.0,23142.0,91468,108,-0.027237794068982718,-0.017646508965210948,0.02067589369109281,1.5734467392969766,-0.00042446624008421333,4.9719362048098e-05,-0.0081830515246092,3118.0,-1321.0,-0.008784953233318,0.010525745520919,0.0031643532384574,0.0441899376881387,50.118296529968454,23469.0,23297.25,0.0404202508320758,0.0224512460596915,0.0082327708866573,0.0003785250187143,0,-226.0,-0.007320130939898619
2024-11-12,22871.0,23146.0,22572.0,23114.0,153154,168,-0.019663494736560982,0.010568762070027531,0.025097284771107516,0.515454766785648,-0.01177941597092361,-0.0361834254277365,-0.025679794645862,-8870.0,3118.0,-0.030319707615564,-0.008784953233318,0.007831889754511,0.0228267516262156,37.96471329552615,23415.8,23290.3,4.9719362048098e-05,-0.0081830515246092,-0.0105036307818745,0.000763877137806,0,-560.0,-0.012686324838074131
2024-11-13,22840.0,23078.0,22664.0,22835.0,141016,168,-0.001487835037284086,-0.00021893815084719087,0.018126094570928196,-0.0825705920048442,-0.011925109765440107,-0.0118192137942336,-0.009303498020875,2193.0,-8870.0,-0.0037676378573333,-0.030319707615564,0.0175037696506311,-0.0115643406847163,39.72964061984834,23307.6,23268.2,-0.0361834254277365,-0.025679794645862,-0.0025157157733585,-0.0062769919710224,0,-114.0,-0.016129707947609262
2024-11-14,22649.0,22879.0,22592.0,22805.0,114146,168,0.0009651663467506194,0.00686410931964077,0.012671641132058811,-0.21139502836773358,-0.008178745792939361,-0.0270078692175154,-0.0202381211231851,4711.0,2193.0,-0.0043548136651314,-0.0037676378573333,0.0165084793221613,-0.0234682295429964,39.76897689768977,23138.0,23249.25,-0.0118192137942336,-0.009303498020875,-0.0067697480943302,0.0012297423483078,1,3.0,-0.006728721142364817
2024-11-15,22733.0,22838.0,22583.0,22708.0,102490,168,0.0010574551566981812,-0.0011003280087294618,0.011217173272335372,-0.10771309790644712,-0.0031621968464544967,0.0098090499879482,-0.0003396695093237,-2454.0,4711.0,0.003300841409995,-0.0043548136651314,0.0147564631883805,-0.0367013668504278,37.67076502732241,22933.6,23224.4,-0.0270078692175154,-0.0202381211231851,0.010148719497272,-0.0044864821241424,1,26.0,0.00017826215538823821
2024-11-18,22588.0,22619.0,22339.0,22601.0,82018,108,-0.006966518474830182,0.0005753612763560605,0.01239596245794227,0.9074658777733469,0.0016837258619029287,-0.0132976225013588,-0.0347660296375706,2064.0,-2454.0,-0.0081618700283419,0.003300841409995,0.0127926899847806,-0.0439262709613518,37.288708586883025,22733.8,23170.25,0.0098090499879482,-0.0003396695093237,0.0214684071362117,0.0021553154443095,0,-105.0,-0.0016479656571271272
2024-11-19,22874.0,22929.0,22543.0,22622.0,118772,168,0.002124082575754703,-0.011078010249835683,0.01687505464719769,0.37026695354344735,0.012006741272078736,0.0078718257955851,0.0113513116287707,-1399.0,2064.0,0.0121523158067792,-0.0081618700283419,0.0127957280896401,-0.0433031877563757,47.81553398058252,22730.0,23134.4,-0.0132976225013588,-0.0347660296375706,-0.0034794858331856,-0.0035376352450872,1,67.0,-0.0012616602474590994
2024-11-20,22805.0,22895.0,22496.0,22858.0,99926,168,0.0003500481351925631,0.0023213553117423674,0.017496163122122342,-0.17277577686060408,0.008056926054474505,0.0116135690398555,0.0061970738844779,5214.0,-1399.0,-0.0033754936374728,0.0121523158067792,0.0080344848324765,-0.0008311643340324,47.73277950848044,22728.0,23091.4,0.0078718257955851,0.0113513116287707,0.0054164951553776,0.0091886953693727,1,97.0,-0.001497462587960972
2024-11-21,22588.0,22774.0,22393.0,22746.0,177546,168,-0.0011863179404880417,0.006970513951662448,0.016867363201700018,0.574799818217268,-0.01188237366481593,-0.0069307503941006,-0.0071220734945274,-516.0,5214.0,-0.0088211219013001,-0.0033754936374728,0.0079923442659787,-0.000439020114172,46.93669162695711,22705.8,23049.75,0.0116135690398555,0.0061970738844779,0.0001913231004268,-0.0076115853050978,0,-126.0,0.00042927092348640805
2024-11-22,23064.0,23137.0,22650.0,22801.0,111432,168,0.010049892846270959,-0.011468565688389488,0.02111515782171349,-0.4658151908844796,0.013883654573848376,0.015174227829051,0.0160046892633086,-1822.0,-516.0,0.0203905247028739,-0.0088211219013001,0.0087975018540844,-0.0049053283503407,49.95184590690208,22761.6,23036.45,-0.0069307503941006,-0.0071220734945274,-0.0008304614342575,-0.0032728910241568,1,238.0,0.00307120768032516
2024-11-25,23021.0,23030.0,22801.0,22847.0,76006,108,-0.008325208811968868,-0.0075870251444135756,0.009947439294557143,1.426428050443887,-0.0013456907376604452,-0.0060841070973584,-0.0014618633363043,5505.0,-1822.0,0.0012146452994322,0.0203905247028739,0.0131299547534143,0.0121843549425382,48.868481469334206,22860.0,23015.7,0.015174227829051,0.0160046892633086,-0.004622243761054,0.009902150748113,1,216.0,0.0001794553646046835
2024-11-26,22622.0,22887.0,22493.0,22855.0,104626,168,-0.009189760020039291,0.010247027674518414,0.017416674034126074,0.31957980217043175,-0.009896933583156471,-0.0266569236980286,0.0064604051173367,-8141.0,5505.0,-0.0188181125234695,0.0012146452994322,0.0118444033604612,0.0215608702703124,39.544072948328264,22817.2,22981.2,-0.0060841070973584,-0.0014618633363043,-0.0331173288153654,-0.0081174884426694,0,-356.0,-0.0024883586619124
2024-11-27,22395.0,22707.0,22192.0,22651.0,104258,168,0.0006624417845534187,0.011366281405567431,0.022996204509935253,-0.0035234903652372434,-0.02033219212444428,-0.0067225357921594,-0.0121750251121953,-2119.0,-8141.0,-0.0128494754180284,-0.0188181125234695,0.0145160980649542,-0.0094095580599363,32.423613171165826,22732.0,22949.75,-0.0266569236980286,0.0064604051173367,0.0054524893200358,-0.0032637968371896,0,-36.0,-0.005617509015818247
2024-11-28,22333.0,22333.0,22047.0,22268.0,71424,168,-0.003541413540987616,-0.0029147349170762235,0.012806161285989343,-0.378234649024976,-0.014138595826493346,-0.0145194392655354,-0.0152448657144841,3124.0,-2119.0,-0.0004475875108291,-0.0128494754180284,0.0153539393523498,-0.0188835398404918,26.94763729246489,22684.8,22921.4,-0.0067225357921594,-0.0121750251121953,0.0007254264489486,-0.0112578224159912,0,-45.0,-0.00402291059215783
2024-12-04,23275.0,23331.0,22987.0,23166.0,82076,168,0.0023337233462200966,-0.004694136652976509,0.014779806659505908,-0.21461761612276767,0.007460629296642143,0.0228340849823625,-0.0038568305515504,-1326.0,7350.0,0.007843853516526,0.0124079173014388,0.0137157596730102,0.0208104038836569,60.03289473684211,22776.6,22886.05,0.0514014964912587,0.0258001317256109,0.0266909155339129,-0.0017292067251939,1,88.0,-0.00018174947007136696
2024-12-05,23268.0,23365.0,23241.0,23317.0,61994,169,0.0009868915863958314,0.0021036822183409464,0.005329207495272477,-0.28060804112288246,0.004393339538360698,0.0090095231282277,0.0169177041304008,48.0,-1326.0,-0.0018476748193425,0.007843853516526,0.0098869596880484,0.0415037328182114,58.178191489361694,22959.4,22872.0,0.0228340849823625,-0.0038568305515504,-0.007908181002173,0.0040435380081957,0,-34.0,-7.359953612389608e-05
2024-12-06,23210.0,23453.0,23172.0,23346.0,80756,169,0.004077521369353843,0.005842442944125951,0.012106850495476088,0.2643946565793586,-0.004599487980510276,0.0178281694961601,-0.0188039160189617,579.0,48.0,-0.0031014455185775,-0.0018476748193425,0.0102111819355811,0.0401036455096979,60.44905008635578,23132.6,22841.9,0.0090095231282277,0.0169177041304008,0.0366320855151219,-0.0003870052294007,1,70.0,0.0024660454339899235
2024-12-09,23235.0,23477.0,23234.0,23330.0,69636,108,0.006493389690798566,0.004080323496396973,0.010458360232408006,1.3876163903395988,-0.0007313873021624329,-0.0062850847593174,0.0069252517915713,2025.0,579.0,0.0030154240131482,-0.0031014455185775,0.0106913708405936,0.038077228090174,57.41911491260692,23217.0,22825.7,0.0178281694961601,-0.0188039160189617,-0.0132103365508888,-0.0061075458670152,1,14.0,0.003852600882182747
2024-12-10,23081.0,23363.0,22973.0,23219.0,89146,168,-0.0012912113354595586,0.00596114076261558,0.01689701486070794,0.24699380010640654,-0.010730317775725392,-0.0191457911310694,-0.0084245285368753,-1395.0,2025.0,-0.0068624969892842,0.0030154240131482,0.0065287389219175,0.0183180744931929,55.71995669433418,23212.6,22836.75,-0.0062850847593174,0.0069252517915713,-0.0107212625941941,0.0024116113492407,0,-21.0,0.0030932332415642837
2024-12-11,22864.0,23020.0,22800.0,22850.0,91622,168,-0.010448506026190286,-0.0006125038472979146,0.009622113365990203,0.02739594241237606,-0.015407287832717078,-0.0369758071474392,-0.0250457731920104,188.0,-1395.0,-0.0105360372092301,-0.0068624969892842,0.0057132337870176,-0.00095233979753,54.88801990757199,23123.4,22840.0,-0.0191457911310694,-0.0084245285368753,-0.0119300339554288,-0.0059588241433994,0,-203.0,-0.0017487758902837592
2024-12-12,23107.0,23142.0,22850.0,23044.0,93894,168,0.008541845712962773,-0.002730170056232568,0.012636863288181071,0.024495068893835566,0.011184484586155488,0.013763361140204,0.0268294468633153,-2578.0,188.0,0.0112720157691952,-0.0105360372092301,0.0051351866110916,-0.0193322305232862,51.32336018411968,23094.6,22861.15,-0.0369758071474392,-0.0250457731920104,-0.0130660857231113,-0.0017054776190281,1,156.0,-0.0010659572162290236
2024-12-13,22999.0,23226.0,22884.0,22899.0,88880,168,-0.009042360441926309,-0.004357495238630094,0.014870211748336885,-0.05487934107771531,-0.001954695147063563,-0.0130968457503895,-0.0091129321965382,553.0,-2578.0,-0.0052502669798023,0.0112720157691952,0.0086045467675354,-0.0062125399347483,48.51851851851852,23056.0,22872.5,0.013763361140204,0.0268294468633153,-0.0039839135538513,0.0044674880748614,0,-111.0,-0.003649673585051274
2024-12-16,22987.0,23114.0,22962.0,22994.0,53820,108,0.0003479773849816341,0.0003044735892685465,0.006612433114368991,0.6850050186279194,-0.006979544969312366,0.0485762513628997,0.0330844119511695,-2746.0,553.0,-0.0010882104366807,-0.0052502669798023,0.0087726264163401,-0.0083613613959731,57.0806100217865,22998.4,22891.85,-0.0130968457503895,-0.0091129321965382,0.0154918394117302,-0.0004349528144775,1,234.0,-5.084578132730059e-05
2024-12-17,23025.0,23173.0,22836.0,23113.0,83996,168,0.00659810528466591,0.003814647653181527,0.014636264929424539,0.44512403336311196,0.001347269809822142,0.006101051732715,0.0204277541925454,1091.0,-2746.0,0.0030440100039849,-0.0010882104366807,0.0084088430466049,-0.0124649958458021,66.47398843930635,22986.6,22900.9,0.0485762513628997,0.0330844119511695,-0.0143267024598304,-0.0112168517598593,1,144.0,-0.000698759257426255
2024-12-18,23196.0,23386.0,22891.0,22961.0,81072,168,-0.0030440100039850764,-0.010182725504308059,0.021339886187273668,-0.03543152992831781,0.0035846202196421107,-0.0077443211050914,-0.016549631494344,1308.0,1091.0,0.0032079098083585,0.0030440100039849,0.0082881353263511,-0.0025584888525329,67.94392523364486,23038.0,22917.5,0.006101051732715,0.0204277541925454,0.0088053103892526,-0.0032079098083585,0,-94.0,0.001300690888554156
2024-12-19,22859.0,23372.0,22602.0,22698.0,140062,168,-0.017772229443282467,-0.007068097998963987,0.03368476311299707,0.5467475329863248,-0.004452211631974949,-0.0257446755845351,-0.0392150764557266,5044.0,1308.0,-0.0111416916158223,0.0032079098083585,0.0061306939286099,0.0111854581650557,61.29848229342328,22986.4,22931.3,-0.0077443211050914,-0.016549631494344,0.0134704008711914,0.0072977171101511,0,-358.0,-0.004739378054200545
2024-12-20,22677.0,22905.0,22519.0,22808.0,121022,169,-0.001796001096036398,0.00576015663222148,0.017021651893989506,-0.14611283446824191,-0.0009256199007978515,-0.0047155111068786,-0.0157152926523097,-3885.0,5044.0,-0.0094099718184853,-0.0111416916158223,0.0060668930168086,-0.0112282492199619,45.366795366795365,22916.2,22911.15,-0.0257446755845351,-0.0392150764557266,0.010999781545431,0.0044740841366825,0,-82.0,-0.007537413514434647
2024-12-23,23249.0,23294.0,23145.0,23214.0,69370,108,0.025258164058508906,-0.0015065754092573427,0.006408877801195751,0.5175271892370733,0.015430933380082388,0.0131175077690125,0.0144934947277534,2040.0,-3885.0,0.02646360591276,-0.0094099718184853,0.0068203357663317,-0.015387954058645,52.71512113617376,22972.4,22919.95,-0.0047155111068786,-0.0157152926523097,-0.0013759869587408,-0.0058147382019635,1,269.0,0.0018966445063966799
2024-12-24,23232.0,23445.0,23204.0,23444.0,70208,168,0.008653611813500823,0.009083959971797268,0.010373622589531681,0.012007767255555161,0.000775093695954763,0.0501872303426387,0.030515066703756,3617.0,2040.0,-0.0011192906588498,0.02646360591276,0.0150247468586802,0.0121638622907958,48.257372654155496,23009.4,22948.95,0.0131175077690125,0.0144934947277534,0.0196721636388827,0.014649419004868,1,188.0,0.010705258258657776
2024-12-25,23336.0,23421.0,23305.0,23352.0,25580,168,0.005840937409981569,0.0006854009863933685,0.00497086047308879,-1.0096514685020683,-0.004617366048762483,-0.0049796230274095,0.0106507822665012,-3104.0,3617.0,0.0048555257066697,-0.0011192906588498,0.0150975908611079,0.008000561627961,51.689774696707104,23054.2,22998.05,0.0501872303426387,0.030515066703756,-0.0156304052939108,-0.0091755563778722,1,124.0,0.013250904427330434
2024-12-31,23023.0,23168.0,22967.0,23046.0,72768,168,-0.005668189028599725,0.0009985023295896,0.00873040003474786,0.0775218843951425,0.0012169152703461288,-0.0061688732130648,-0.0190085312440163,-2788.0,2218.0,-0.0058851699568275,-0.008378317071768,0.0049334153452041,-0.0028005791802591,54.4988344988345,23249.0,23114.4,-0.0070671146839443,-0.0101648611272466,0.0128396580309515,-0.0010780742327925,0,-179.0,0.002942120064960889
2025-01-02,22853.0,22997.0,22790.0,22943.0,73856,108,-0.0042623585755702026,0.003930479337277331,0.009057891742878396,0.9080787669819038,-0.005802935195819671,-0.0145775415962197,-0.0093099896786544,-2511.0,-2788.0,-0.0086742910351796,-0.0058851699568275,0.0054967070070029,-0.0075664584782368,43.64508393285371,23151.6,23091.8,-0.0061688732130648,-0.0190085312440163,-0.0052675519175652,0.0018679820371218,0,-106.0,-0.0013632033980627862
2025-01-03,22977.0,23143.0,22731.0,22847.0,97974,168,0.00021887106393046594,-0.005673897903220382,0.017930974452713584,0.2825848859026479,0.0014808365075413771,0.0204983396882506,0.0083128238404491,-1492.0,-2511.0,0.0058927689671509,-0.0086742910351796,0.0048724234192663,-0.0210962752200862,49.78561219628394,23081.8,23078.1,-0.0145775415962197,-0.0093099896786544,0.0121855158478014,-0.0040631814207199,1,93.0,-0.003237225513413154
2025-01-06,23636.0,23956.0,23618.0,23922.0,84966,108,0.04030482203170687,0.012027564143844753,0.014300220003384668,1.2773670201696734,0.01749863265986214,0.0342801959981211,0.0279149810068096,3282.0,-1492.0,0.02713427967051,0.0058927689671509,0.0065808482476893,-0.0150749026732917,61.973392461197335,23129.2,23099.6,0.0204983396882506,0.0083128238404491,0.0063652149913114,0.0018295875464307,1,245.0,0.012087111506689044
2025-01-07,23758.0,23934.0,23551.0,23874.0,100440,168,0.011162005406770403,0.00487068480549872,0.016120885596430677,0.16730935782040762,-0.006879221759925126,0.0532065081378228,0.0279745511433521,7112.0,3282.0,0.0060387421953824,0.02713427967051,0.0152537694565465,0.0100892705738857,62.97229219143576,23244.2,23124.75,0.0342801959981211,0.0279149810068096,0.0252319569944707,0.0165278900612618,1,356.0,0.017228566167469248
2025-01-08,23400.0,23678.0,23273.0,23477.0,121422,168,-0.011645518978087492,0.003285196119715302,0.01730769230769231,0.18971154702819307,-0.020053978309190854,-0.0398264014533183,-0.0186066016573898,2516.0,7112.0,-0.0127962425691703,0.0060387421953824,0.0141176022802048,0.0245063298410363,55.73661456601264,23326.0,23142.75,0.0532065081378228,0.0279745511433521,-0.0212197997959285,-0.0089276951501359,0,-203.0,0.013273769486796594
2025-01-09,23085.0,23388.0,23006.0,23338.0,70746,168,-0.004787561508372789,0.01089987742496332,0.016547541693740526,-0.5401760834949861,-0.016838162524418884,-0.0205483512171532,-0.0096197032520605,-7106.0,2516.0,-0.0148214505700587,-0.0127962425691703,0.0156886009582056,0.0175952572286935,54.1343669250646,23378.6,23155.6,-0.0398264014533183,-0.0186066016573898,-0.0109286479650927,-0.0042128618235556,0,-192.0,-0.0017570250265632927
2025-01-15,22530.0,22959.0,22511.0,22689.0,110158,168,-0.0026849198549572973,0.007032471097849044,0.019884598313359963,0.33419084888225375,0.0023551902814628327,0.0004469786569925,0.0051480704571779,925.0,-1411.0,-0.0105166450249261,0.0094954892543478,0.0124151955862873,-0.0431015920644993,37.06869262424817,22790.2,23093.65,-0.0342210122783681,-0.0034661049885221,-0.0047010918001854,0.0068807610922222,1,64.0,-0.006372666780472526
2025-01-16,23319.0,23529.0,22885.0,22973.0,158048,168,0.020271112938000692,-0.01494886560615841,0.027616964706891376,0.3609830855129387,0.027388253374190204,0.0262109279444518,0.0211230870438594,3017.0,925.0,0.0227926341418379,-0.0105166450249261,0.0122644478560073,-0.0408219945202551,45.98639455782313,22775.4,23089.95,0.0004469786569925,0.0051480704571779,0.0050878409005924,-0.0133258822336728,1,568.0,0.004266210524890202
2025-01-17,23224.0,23380.0,23191.0,23283.0,87012,168,0.010882346026240365,0.002537253817782775,0.008138132965897348,-0.5968527441807584,0.010866613412294933,0.0379085806230363,0.0018009837861935,3206.0,3017.0,0.006880016753569,0.0227926341418379,0.0175550876473781,-0.0032079098083585,47.59767687434002,22803.6,23107.0,0.0262109279444518,0.0211230870438594,0.0361075968368428,-0.0021253071260276,1,246.0,0.00948951303642792
2025-01-20,23338.0,23438.0,23171.0,23361.0,56946,108,0.007346813995518449,0.000985031879043236,0.011440569029051332,1.286788056807086,0.003992878241367534,-0.0154358047604782,0.0280328631092574,4348.0,3206.0,0.0067045119630312,0.006880016753569,0.0178100358513606,0.0060987667138327,52.25393438250199,22965.8,23142.55,0.0379085806230363,0.0018009837861935,-0.0434686678697357,-0.0037445973124816,1,59.0,0.012833424319919835
2025-02-03,22612.0,22935.0,22590.0,22901.0,69734,108,-0.03421007866550825,0.01269983891599567,0.015257385459048292,1.4531548654656858,-0.05128887194720371,0.0056052748210513,-0.0029223855993281,1569.0,1026.0,-0.0475292496074937,0.0141514802421587,0.0084485513791683,0.0513421560225151,45.99450433312196,23239.4,23136.25,0.0283587932078694,0.0226030067334487,0.0085276604203795,0.0041439443629839,0,-1018.0,-0.005326972881249813
2025-02-04,22839.0,23027.0,22788.0,22795.0,71606,168,0.008679806878350304,-0.0019283873267805206,0.010464556241516704,0.02649086563194629,-0.002710976736854725,-0.046547230760261,-0.0183172109494484,-4364.0,1569.0,0.0098635762254334,-0.0475292496074937,0.0249007774117837,-0.0189797277268166,40.89752486699052,23165.8,23111.05,0.0056052748210513,-0.0029223855993281,-0.0282300198108126,-0.0036220720724967,1,321.0,-0.006061152597213167
2025-02-05,23130.0,23262.0,23005.0,23082.0,66234,168,0.011328109985725063,-0.0020773832451347345,0.011111111111111112,-0.07798494307408164,0.014589262577943072,0.0210481392834112,0.010459179045606,2425.0,-4364.0,0.0135351865064453,0.0098635762254334,0.0252538160552965,-0.0159961682549522,43.10843910042306,23123.2,23099.1,-0.046547230760261,-0.0183172109494484,0.0105889602378051,-0.004241277864782,1,255.0,-0.004734053933810962
2025-02-06,23290.0,23360.0,23242.0,23318.0,60438,168,0.007965424992166435,0.0012015106148499822,0.00506655216831258,-0.09157588007567052,0.008970990898036522,0.0219096444542253,0.022827596486637,2257.0,2425.0,0.0067639143773164,0.0135351865064453,0.0260942805960125,-0.0091654937115382,48.15922687528762,23108.2,23104.75,0.0210481392834112,0.010459179045606,-0.0009179520324117,0.0024237189964911,1,222.0,0.009324447285413933
2025-02-07,23431.0,23528.0,23246.0,23333.0,78208,167,0.0018445836686721531,-0.004191264368373828,0.012035337800349964,0.2577538979204764,0.00483433742219594,0.009210923709262,0.0002140286998409,812.0,2257.0,0.006035848037046,0.0067639143773164,0.0263792937029947,-0.0032150922561398,53.93529695799131,23054.8,23124.25,0.0219096444542253,0.022827596486637,0.0089968950094211,-0.0027870100578217,0,-5.0,0.007046039548854549
2025-02-10,23249.0,23427.0,23240.0,23410.0,44140,108,-0.0008966504304762742,0.006901161147131161,0.00804335670351413,0.23682989633639873,0.00012904613417188683,-0.0210270913824026,-0.0164823726293493,1134.0,812.0,-0.0079268577117793,0.006035848037046,0.0254756055562829,-0.0113307244612524,52.30625146335753,23184.4,23144.45,0.009210923709262,0.0002140286998409,-0.0045447187530532,0.006250555498955,0,-107.0,0.00297111941012077
2025-02-11,23333.0,23433.0,23213.0,23402.0,61970,168,0.00668841457524996,0.0029528212318444876,0.009428706124373205,0.3392839961454257,-0.0032946139378976333,0.008839151567817,0.0145325599963031,-1099.0,1134.0,0.0038213051802626,-0.0079268577117793,0.0081494025275939,0.0282716674344619,60.40041601664066,23287.0,23162.35,-0.0210270913824026,-0.0164823726293493,-0.005693408428486,-0.0033497991383932,1,145.0,0.002545449271148612
2025-02-12,23332.0,23450.0,23150.0,23408.0,95166,168,0.0031234648759896487,0.003252035386377316,0.012857877593005315,0.42897233817546176,-0.0029956799053750057,0.0037917500957585,-0.0005313003429103,-378.0,-1099.0,-0.0008574491414947,0.0038213051802626,0.0078101137426304,0.0222293963892911,57.7376061353054,23323.4,23147.65,0.008839151567817,0.0145325599963031,0.0043230504386688,-0.0023969535937937,1,94.0,0.00297174300692111
2025-02-13,23395.0,23407.0,23228.0,23379.0,84868,168,0.002741253269249458,-0.00068414078864598,0.007651207522974995,-0.1145256268986078,-0.0005555199595888373,-0.0113702637850751,0.0021276341257216,125.0,-378.0,0.0035963561474684,-0.0008574491414947,0.0060842357971298,0.0078367607413511,62.682299113525886,23345.2,23130.0,0.0037917500957585,-0.0005313003429103,-0.0134978979107968,-0.0048776410242186,1,120.0,0.004184377573496354
2025-02-14,23169.0,23383.0,23064.0,23370.0,73506,168,-0.0012401378569862102,0.0086379702955301,0.01376839742759722,-0.14373007271078156,-0.00902300527429711,-0.022293398583167,0.0128037162826517,-250.0,125.0,-0.0094465900652126,0.0035963561474684,0.0055492705408193,0.0046692025115031,52.31394621638524,23294.8,23116.45,-0.0113702637850751,0.0021276341257216,-0.0350971148658188,-0.0015373449669166,0,-61.0,0.0015415267627509645
2025-02-17,23542.0,23555.0,23463.0,23524.0,22938,108,0.014774480255169536,-0.0007648833925793765,0.00390790926854133,-0.2067397973277177,0.009946507905756222,0.010203857756684,0.0008819733299177,-3843.0,-250.0,0.0139239230889813,-0.0094465900652126,0.0062641698194,-0.0108132355907555,54.66706302021403,23346.4,23136.4,-0.022293398583167,0.0128037162826517,0.0093218844267663,-0.0068362370413754,1,107.0,0.005425198555810927
2025-02-21,23766.0,23782.0,23466.0,23542.0,60618,168,0.00016992353481848222,-0.00946992787754575,0.013296305646722208,-0.09561307424792781,0.008450992576685641,-0.0042388372864022,0.0001770081173188,218.0,4161.0,0.0087558455456147,-0.0030118588106056,0.0090257929316277,0.0059228500477177,75.84497521406038,23609.0,23321.15,-0.0088682067191929,0.0117130936956831,-0.0044158454037211,0.0014029719793767,0,-5.0,0.004568088644333935
2025-03-26,22305.0,22382.0,22088.0,22369.0,79642,168,-0.05969591022510994,0.002865203195747221,0.013180901143241426,0.13589834264622747,-0.0013440862238539278,-0.0014362347337756,-0.0070290835112376,4181.0,-473.0,0.0003138802348482,0.0062081264662967,0.0101152744517004,0.0030542603692744,40.58388157894737,22261.0,22420.55,0.0247575041404897,0.0294590065501165,0.005592848777462,-0.0014340775066867,1,111.0,-0.05969591022510994
2025-03-27,21955.0,22093.0,21784.0,22045.0,127512,168,-0.011725049770327116,0.004090914796220249,0.014074242769300842,0.4706688859275442,-0.01868116776229443,-0.0417667632371733,-0.0332851396236896,-1136.0,4181.0,-0.0152240195546128,0.0003138802348482,0.0087023614205518,0.0122241536623547,39.073634204275535,22181.6,22347.9,-0.0014362347337756,-0.0070290835112376,-0.0084816236134836,-0.0046517953007854,0,-274.0,-0.035710479997718536
2025-03-28,21576.0,21896.0,21285.0,21827.0,125964,168,-0.006439113468674681,0.01156614971951164,0.028318502039302928,-0.0122143259750908,-0.021504232972472104,-0.0307860603716842,-0.0209533297115592,-3398.0,-1136.0,-0.0167546550907758,-0.0152240195546128,0.0083381813236929,-0.0179103878591962,35.03727369542065,22066.8,22268.25,-0.0417667632371733,-0.0332851396236896,-0.009832730660125,-0.0028637034048127,0,-218.0,-0.025953357821370582
2025-03-31,20805.0,21016.0,20689.0,20961.0,116062,108,-0.0301686256964161,0.007470225803518635,0.015717375630857965,1.003162694669471,-0.01602094057809055,-0.017932205219789,-0.0299648728005843,-283.0,-3398.0,-0.0393707035708414,-0.0167546550907758,0.010175731409748,-0.0262235218510525,30.500618046971567,21788.6,22170.8,-0.0307860603716842,-0.0209533297115592,0.0120326675807953,-0.0067815635998536,0,-747.0,-0.016110929645139303
2025-04-01,21237.0,21365.0,20930.0,21088.0,138790,168,0.015242667956098563,-0.00704078514006517,0.02048311908461647,0.1788374682877976,0.013081375221738556,0.0045284333747838,-0.0033850188848544,7384.0,-283.0,0.0196430630478631,-0.0393707035708414,0.0177529101402105,-0.064827371515085,34.75485929794024,21565.2,22100.45,-0.017932205219789,-0.0299648728005843,0.0079134522596383,-0.0041801862672026,1,231.0,-0.007121690402997409
2025-04-02,21300.0,21485.0,21189.0,21334.0,127194,168,0.00719749079142985,0.001594971487911686,0.013896713615023475,-0.08724851938557798,0.010002914395282786,0.0157784421655863,0.0028130358035151,-72.0,7384.0,0.0057902950997697,0.0196430630478631,0.0219103486468046,-0.0513924349335187,40.5463474524248,21365.0,22021.25,0.0045284333747838,-0.0033850188848544,0.0129654063620712,0.0085821156884381,1,92.0,-0.002576155649629231
2025-04-07,17768.0,19299.0,17566.0,18367.0,317120,108,-0.14833927236523312,0.03315648955427156,0.0975348941918055,1.2470590348099149,-0.1603864231928642,-0.06959201931038,-0.0790736693861884,5100.0,-72.0,-0.1057047982233151,0.0057902950997697,0.0226950589431375,-0.0459160200685972,23.907358983937243,20804.8,21841.45,-0.0794266273788128,-0.1040717192217409,0.0094816500758083,0.0014561855216618,0,-2137.0,-0.04196637120590157
2025-04-08,18245.0,18845.0,18066.0,18406.0,290328,168,-0.04051335187165077,0.00878562852825416,0.04269662921348315,-0.08826893281596643,-0.0066645062579869865,-0.0043009390223642,0.0266833996035172,-866.0,5100.0,-0.0523180577582849,-0.1057047982233151,0.0492514853491591,-0.1363967987372996,17.655689598956627,20122.2,21624.95,-0.06959201931038,-0.0790736693861884,-0.0309843386258815,0.0,0,-571.0,-0.06055171114848468
2025-04-09,17336.0,18663.0,17015.0,18050.0,383284,168,-0.007726307751140933,0.04036042054483196,0.09506229810798339,0.2777649104293594,-0.059891434182607166,-0.033389725647361,-0.0363809789992721,-4926.0,-866.0,-0.0557300776085409,-0.0523180577582849,0.0499150556057547,-0.1719602014048087,14.344494892167988,19409.2,21362.85,-0.0043009390223642,0.0266833996035172,0.002991253351911,-0.0220745112983074,0,-344.0,-0.06552631066267493
2025-04-10,19682.0,19744.0,17334.0,18902.0,295882,167,0.0941258216513745,-0.04043677590392947,0.12244690580225587,-0.25881550256110103,0.08655882769790392,0.1159499707973025,0.1717223862521164,2206.0,-4926.0,0.0941258216513745,-0.0557300776085409,0.0508503933848118,-0.1883195754425082,31.684210526315795,18953.4,21206.4,-0.033389725647361,-0.0363809789992721,-0.0557724154548139,-0.0366374785564698,1,1698.0,0.015295387342860933
2025-04-11,19539.0,19588.0,18384.0,18838.0,287214,168,-0.003391630172238977,-0.03653636183174883,0.06162034904549875,-0.029733143689813,0.03314473165950972,-0.049190056932608,-0.0830512769538351,5221.0,2206.0,0.0323767414520366,0.0941258216513745,0.0763510948359071,-0.1138368168389969,33.93281303020021,18597.4,21071.0,0.1159499707973025,0.1717223862521164,0.0338612200212271,0.0,0,-342.0,0.027669294575998194
2025-04-14,19543.0,19634.0,19381.0,19404.0,91316,108,-0.006165247641930919,-0.007137935664969679,0.012945811799621348,0.8550813697031203,0.0008190427895798471,0.0386147633382038,0.0247596053130388,-898.0,5221.0,-0.0016916574583974,0.0323767414520366,0.079689904228624,-0.08725037048673,34.5383375546857,18662.2,20949.55,-0.049190056932608,-0.0830512769538351,0.0138551580251649,0.0506357506668465,1,276.0,0.028189647945734867
2025-04-15,19810.0,19911.0,19348.0,19504.0,112262,168,0.0006667521724120234,-0.015567287971543864,0.028419989904088845,0.2065094064527736,0.020707630327489544,-0.007925344783612,0.0030822850567436,-335.0,-898.0,0.0156281019311119,-0.0016916574583974,0.0626450477251161,0.0167627702781876,36.84269162210339,18983.8,20841.4,0.0386147633382038,0.0247596053130388,-0.0110076298403556,-0.0157291171339859,1,94.0,-0.002963375213919291
2025-04-16,19369.0,19868.0,19182.0,19788.0,113918,168,-0.0005052291321534831,0.021401843505360035,0.035417419588001445,0.014643466189639532,-0.0069457228788136005,0.0095155704068671,0.0046528847269817,1485.0,-335.0,-0.0227334762794013,0.0156281019311119,0.0543731182445138,0.0847089299675845,34.13767101152645,19413.6,20701.15,-0.007925344783612,0.0030822850567436,0.0048626856798854,0.0108169553798209,0,-259.0,-0.0020012415338907926
2025-04-17,19523.0,19583.0,19001.0,19148.0,166592,168,-0.010649174687951691,-0.019394986170402657,0.02981099216308969,0.38006881804232134,-0.013482435664796906,-0.0366383244589217,-0.041818180983021,-6327.0,1485.0,0.0008264036418877,-0.0227334762794013,0.0444435470223221,0.1177055312967242,34.20146362462333,19507.0,20558.1,0.0095155704068671,0.0046528847269817,0.0051798565240992,-0.0095650220141598,0,-110.0,-0.003495883882564383
2025-04-18,19351.0,19452.0,19273.0,19365.0,44306,168,-0.00020653689338669297,0.0007232152397052021,0.009250167949976745,-1.3244276013116165,0.010545826196747758,0.0004612796549428,-0.0064242374066453,-1145.0,-6327.0,-0.0020155566398625,0.0008264036418877,0.0205773836744698,0.0244061132872375,35.334667556148545,19468.2,20422.9,-0.0366383244589217,-0.041818180983021,0.0068855170615881,0.0065264916216802,1,11.0,-0.0037869802378306225
2025-04-24,19446.0,19810.0,19354.0,19648.0,133526,168,0.004795682881252474,0.010334158577266602,0.023449552607219995,-0.19098880880250507,0.020259380774520986,0.0414665937273621,0.0388663188071431,-614.0,-561.0,-0.0045105150791776,0.039482586449021,0.022027518711569,0.010332422865265,39.36096318592267,19249.2,19818.7,0.0236592347542048,0.0211349005583397,0.002600274920219,0.0156688083496861,1,82.0,-0.0020200095666953037
2025-04-25,19889.0,19961.0,19751.0,19945.0,114846,168,0.024309131353068076,0.002811670276260558,0.010558600231283624,-0.150704114939988,0.012191263116377409,0.0395715064064177,0.0547663729942252,387.0,-614.0,0.0206926725418456,-0.0045105150791776,0.0222309969736888,0.0049955041441996,55.11001737116388,19357.8,19697.1,0.0414665937273621,0.0388663188071431,-0.0151948665878074,-0.0086952621915041,1,514.0,0.00963275911364462
2025-04-28,20000.0,20065.0,19824.0,19880.0,70486,108,0.00035217468228046766,-0.006018072325563021,0.01205,0.557029967409828,-0.0025966258472660173,0.0055880115128281,0.010265089989687,3660.0,387.0,0.0046187139690371,0.0206926725418456,0.0237301747698186,0.0277037333259078,64.73518180308815,19531.0,19596.95,0.0395715064064177,0.0547663729942252,-0.0046770784768588,-0.00536974667426,1,92.0,0.009818996305533673
2025-04-29,20166.0,20196.0,19832.0,19970.0,83798,168,0.00025040691253925466,-0.009766870543299801,0.018050183477139742,0.1729950323167723,0.014283816742595568,-0.0103501498327529,-0.0037679584619304,-1072.0,3660.0,0.0094220393430259,0.0046187139690371,0.0217341263642396,0.044344762854167,78.22426329889016,19802.4,19524.5,0.0055880115128281,0.010265089989687,-0.0065821913708224,0.0,1,15.0,0.008303904315962599
2025-04-30,20183.0,20255.0,19921.0,20154.0,123122,168,0.0,-0.0014378860597713233,0.01654858048852995,0.3847665928583934,0.010609518490258256,0.0065878023009514,-0.009219327890967,-596.0,-1072.0,-0.0002481204885815,0.0094220393430259,0.0169244065728697,0.0697054972237521,67.647891310501,19921.4,19493.5,-0.0103501498327529,-0.0037679584619304,0.0158071301919184,0.0086710066378032,0,-63.0,0.00020086053160657413
2025-05-02,20652.0,20887.0,20624.0,20826.0,78998,108,0.03304754673807501,0.008390039090301504,0.01273484408289754,0.600761946572072,0.010807758187871983,0.035535949207833,0.0041450473667894,2636.0,-596.0,0.0258673120490037,-0.0002481204885815,0.0097339963600515,0.0299747902861494,66.76359406804303,20163.6,19468.3,0.013346756549931,0.0079128162694522,0.0313909018410435,0.0028827057736062,1,339.0,0.011099317883538087
2025-05-05,20424.0,20440.0,20223.0,20282.0,86250,108,-0.019288178228828272,-0.006976886749378116,0.01062475518997258,1.192865635812503,-0.02016353694598349,0.037277169002556,0.0345655372479886,-183.0,2636.0,-0.0132910113579527,0.0258673120490037,0.0109428715575328,0.0603526174143308,62.4082631149769,20269.8,19423.3,0.035535949207833,0.0041450473667894,0.0027116317545673,0.0091826225214087,1,80.0,0.004586456169748912
2025-05-06,20333.0,20374.0,20139.0,20198.0,96310,168,-0.010147370456314999,-0.00666159232383948,0.011557566517483893,0.11032209966130381,0.00251138873839997,-0.0161947207379341,-0.0093382502214422,-3246.0,-183.0,-0.0032890729437419,-0.0132910113579527,0.0142905002755779,0.0263689335145324,57.83658040127944,20344.2,19481.8,0.037277169002556,0.0345655372479886,-0.0068564705164918,-0.0171525791241036,0,-254.0,0.0012039993509772456
2025-05-07,20388.0,20502.0,20228.0,20247.0,104126,168,-0.00443525268755917,-0.006939858048416105,0.01343927800667059,0.07802954870965395,0.009362902873430116,-0.0236331688446262,-0.0103792339425137,-4998.0,-3246.0,0.0021612071873041,-0.0032890729437419,0.0148092911610847,0.0184611466017534,66.91902567478604,20389.6,19591.35,-0.0161947207379341,-0.0093382502214422,-0.0132539349021125,0.0092375987242462,1,103.0,-0.011290267124234149
2025-05-08,20561.0,20797.0,20250.0,20512.0,141068,168,0.0064069864340171485,-0.0023859967982048937,0.026603764408345897,0.30364033934472645,0.015389443107085335,0.0130329383782308,0.0172833618610083,514.0,-4998.0,0.009473652258891,0.0021612071873041,0.0144588190037459,0.0112003144460316,68.75,20474.8,19759.9,-0.0236331688446262,-0.0103792339425137,-0.0042504234827774,-0.0028906710312612,1,94.0,-0.002725212236619007
2025-05-09,20852.0,20883.0,20662.0,20680.0,87590,168,0.005090303077094865,-0.008282817265631105,0.01059850374064838,-0.4765752074521556,0.016439786167599918,0.0038884491269083,0.0099991938970232,623.0,514.0,0.0131812738193557,0.009473652258891,0.0146923532280346,0.0209220871935042,72.0,20509.0,19857.2,0.0130329383782308,0.0172833618610083,-0.0061107447701148,0.0048721168240003,1,74.0,0.0023540122745176147
2025-05-12,21068.0,21447.0,21068.0,21386.0,103550,108,0.02547848195197554,0.014981200713321917,0.01798936776153408,1.7996904015212993,0.013090818065364437,0.0073919002153564,0.0081062154610647,-3251.0,623.0,0.0104023460318607,0.0131812738193557,0.0105127228438827,0.0082360489638562,78.61507128309572,20641.4,19934.3,0.0038884491269083,0.0099991938970232,-0.0007143152457082,0.0095911282981524,1,167.0,0.01232525715436252
2025-05-13,21358.0,21689.0,21314.0,21485.0,99798,168,0.01969465081260833,0.005928640477605055,0.01755782376627025,-0.036906444805140284,-0.0013101255851113644,0.0575673800382458,0.0680300208557574,-3476.0,-3251.0,0.0138596476776439,0.0104023460318607,0.006769347991239,0.0319294063536698,87.3724117818606,20846.0,20027.75,0.0073919002153564,0.0081062154610647,-0.0104626408175115,0.0024238979572701,1,355.0,0.016754478613892912
2025-05-14,21802.0,21889.0,21591.0,21677.0,98660,168,0.014731776520792482,-0.005749918093380231,0.013668470782497019,-0.011468547230860734,0.014646691479208437,0.0368049538642995,0.0309776790280345,234.0,-3476.0,0.0189209873889511,0.0138596476776439,0.0046565279546232,0.0490781269750557,85.94155844155844,21123.4,20126.25,0.0575673800382458,0.0680300208557574,0.005827274836265,-0.0028517351786849,1,317.0,0.019968303095125452
2025-05-15,21698.0,21844.0,21629.0,21818.0,74690,168,0.0022943156946197657,0.005515226775306047,0.009908747349986174,-0.2783333814366169,0.0009682997874724495,0.0039613914199855,0.0059400993459358,230.0,234.0,-0.0034052768629193,0.0189209873889511,0.003703797471159,0.0658379071767026,86.33398564905414,21347.2,20243.3,0.0368049538642995,0.0309776790280345,-0.0019787079259503,0.0041892108681586,1,8.0,0.012240247676006859
2025-05-16,21821.0,21930.0,21716.0,21775.0,75412,168,0.003726798120540744,-0.002110286130425283,0.009807066587232483,0.009620199175361464,0.00013749169342679236,-0.0027764555556879,-0.0057170417762089,-925.0,230.0,0.005837084250966,-0.0034052768629193,0.0084070449501907,0.0529589780548922,84.96051687006461,21541.8,20365.9,0.0039613914199855,0.0059400993459358,0.002940586220521,-0.0037727212910845,1,81.0,0.00691763011198433
2025-05-19,21518.0,21712.0,21475.0,21677.0,54668,108,-0.006621018256205305,0.00736199644106904,0.011014034761594944,1.3100354463167252,-0.014303755152268087,0.0,-0.0020823200992271,1.0,-925.0,-0.0130539919623026,0.005837084250966,0.008482748343258,0.0456147884865025,76.41921397379912,21636.2,20476.3,-0.0027764555556879,-0.0057170417762089,0.0020823200992271,0.0021102861304253,0,-139.0,-0.0001999681470149315
2025-05-20,21535.0,21773.0,21511.0,21750.0,51076,168,0.009794940628003849,0.009934239028619271,0.012166241003018342,-0.06796380954011937,-0.006572272106712675,-0.0037139729045007,-0.0049858005525266,-506.0,1.0,4.64284885288625e-05,-0.0130539919623026,0.0129225421366585,0.0221584504923391,74.82968806023665,21672.0,20598.3,0.0,-0.0020823200992271,0.0012718276480259,-0.0066636063324108,1,215.0,0.002300240164113096
2025-05-21,21670.0,21719.0,21415.0,21494.0,55550,168,-0.002091418976256493,-0.008154989129306144,0.014028610982925703,0.08396879652320431,-0.0036849419864253947,-0.000258454330375,-0.0014159849208484,-131.0,-506.0,0.0061558593875759,4.64284885288625e-05,0.0118337600902504,0.008345231303224,76.10558793280768,21652.8,20742.05,-0.0037139729045007,-0.0049858005525266,0.0011575305904734,-0.0098864336623472,0,-67.0,0.0003608344651806837
2025-05-22,21508.0,21725.0,21333.0,21478.0,108124,168,-0.008991949346769196,-0.0013958035114069191,0.018225776455272458,0.665995200568723,0.0006511325284700005,-0.0087745023597091,-0.0181714222441312,-1002.0,-131.0,-0.0078286444995423,0.0061558593875759,0.0079067033626153,-0.0044198966981511,66.14542611415169,21614.6,20839.5,-0.000258454330375,-0.0014159849208484,0.0093969198844221,0.0092713439935226,0,-207.0,-0.00042947589834061345
2025-05-23,21449.0,21588.0,21072.0,21531.0,132190,168,0.0013012968327928076,0.0038157328753867293,0.02405706559746375,0.2009615649369464,-0.0013511311953669876,0.0228389350809328,-0.005687890399298,-1810.0,-1002.0,-0.0015358483925619,-0.0078286444995423,0.008485605885707,-0.0088432643347741,72.99396031061261,21544.4,20939.7,-0.0087745023597091,-0.0181714222441312,0.0285268254802308,0.0017687586067276,1,55.0,-0.003260690496744294
2025-05-26,21410.0,21435.0,21333.0,21384.0,24232,108,-0.00401363305407173,-0.0012151237649735006,0.004764128911723494,0.1502242068190767,0.007501207231165496,-0.0216924485296621,-0.0154237047919931,539.0,-1810.0,-0.0039668702118176,-0.0015358483925619,0.0074053521633572,-0.0162161969783021,72.43150684931507,21513.8,21015.3,0.0228389350809328,-0.005687890399298,-0.0062687437376689,-0.004090365468747,0,-20.0,-0.003901428522682706
2025-06-02,20881.0,21027.0,20830.0,21005.0,57990,108,-0.01488509467629835,0.0059208500334205355,0.00943441406062928,0.816897285419761,-0.008535852117904629,-0.0196179245139193,-0.0212971599927723,-3810.0,303.0,-0.0215245592518661,0.0031945907089469,0.0040426664445083,-0.0085468609856078,45.65217391304348,21211.2,21201.6,0.0051361250615912,0.0053760475346063,0.001679235478853,-0.0090118042709037,0,-344.0,-0.005865810299192424
2025-06-03,21026.0,21231.0,20975.0,21082.0,73418,168,0.010298555787219926,0.0026598286793583278,0.012175401883382479,0.2358985552753944,0.0009992625322937153,0.0078317792976489,0.0155839142728509,1621.0,-3810.0,0.0050194909032046,-0.0215245592518661,0.0097220679778868,-0.028535571844912,40.786357176693514,21128.4,21229.95,-0.0196179245139193,-0.0212971599927723,-0.007752134975202,-0.0052578869755664,1,168.0,-0.002866723981050052
2025-06-04,21496.0,21576.0,21201.0,21217.0,66926,168,0.011662216181997073,-0.013064124182210663,0.017445106066244883,-0.09258160576959458,0.019447275480192712,0.0141167741566627,0.0268705413581312,5923.0,1621.0,0.0240748442268731,0.0050194909032046,0.0108852548981116,-0.0195492107298897,43.54110207768744,21178.2,21287.2,0.0078317792976489,0.0155839142728509,-0.0127537672014684,-0.0029996451488544,1,309.0,0.0023585590976395493
2025-06-05,21554.0,21752.0,21501.0,21548.0,86554,168,0.0030676296424321137,-0.000278409356352651,0.011645170270019486,0.2571809652202209,0.0157586670436606,0.02395039302173,0.0137912957200565,2305.0,5923.0,0.0032996428218213,0.0240748442268731,0.0162166578089536,0.0116587999761986,46.81139755766622,21238.4,21345.8,0.0141167741566627,0.0268705413581312,0.0101590973016734,0.0094477107024116,1,107.0,0.008342800537216371
2025-06-06,21577.0,21744.0,21502.0,21530.0,80552,168,-0.001067706621405004,-0.002180621180976403,0.011215646290031052,-0.07186555800105618,0.001344927738960687,0.0046336560417527,-0.0044662704254763,67.0,2305.0,0.0011592591314717,0.0032996428218213,0.0161990265516232,0.0140640094089799,44.23897581792318,21290.0,21395.95,0.02395039302173,0.0137912957200565,0.009099926467229,-0.0016689077166454,1,46.0,0.00455404640100806
2025-06-09,21750.0,21852.0,21721.0,21827.0,40936,108,0.011473458427792212,0.0035339780222474657,0.006022988505747126,0.9905828733589419,0.004146515961848618,0.0090081126495409,0.0054015835956857,-1443.0,67.0,0.0068814496239556,0.0011592591314717,0.0162126013556842,0.0120286778315047,54.78481012658228,21462.2,21439.9,0.0046336560417527,-0.0044662704254763,0.0036065290538551,-0.000972740192968,1,85.0,0.00449112714960644
2025-06-10,22129.0,22260.0,21819.0,21846.0,67480,168,0.005462111668247223,-0.012871127092377532,0.019928600479009444,0.49982138617497684,0.01374122995678855,0.0088311278663713,0.0193819942455237,-46.0,-1443.0,0.0176099441221574,0.0068814496239556,0.0091840419895624,0.0404346867073265,62.16101694915255,21690.6,21492.25,0.0090081126495409,0.0054015835956857,-0.0105508663791523,0.0029499906159498,1,152.0,0.0052892878248781425
2025-06-11,22363.0,22493.0,22177.0,22312.0,79174,168,0.008958979449926458,-0.002283157119392284,0.014130483387738675,0.15981670441772627,0.02338996902322874,0.0260350216239381,0.0203953905708004,1456.0,-46.0,0.0107053919126968,0.0176099441221574,0.0098356626251865,0.0530251399262793,63.77281947261663,21864.4,21541.8,0.0088311278663713,0.0193819942455237,0.0056396310531376,0.0106383982050557,1,183.0,0.008631516515321963
2025-06-12,22236.0,22442.0,22135.0,22353.0,82522,168,8.947745174198145e-05,0.005247943148477194,0.013806440007195539,0.04141696236257241,-0.0034120532339648054,0.0076894495122999,-0.0019036161345677,1401.0,1456.0,-0.0044391705749114,0.0107053919126968,0.0065151114611485,0.039655687612103,65.63674321503132,22004.2,21566.0,0.0260350216239381,0.0203953905708004,0.0095930656468677,0.0024637726083111,0,-36.0,0.004836856189971887
2025-06-13,21960.0,22338.0,21948.0,22309.0,70284,168,0.002558292277465782,0.01576756784918283,0.017759562841530054,-0.1605207475624206,-0.017737923598370252,0.0098425254373382,0.0031712724700637,-3246.0,1401.0,-0.0141204373659625,-0.0044391705749114,0.0085056252284606,0.0319168742153702,58.78833208676141,22076.6,21578.3,0.0076894495122999,-0.0019036161345677,0.0066712529672745,-0.0028272058681864,0,-298.0,0.0038689163930447396
2025-06-16,22061.0,22278.0,22036.0,22230.0,46888,108,0.013131273129020946,0.007631384262479154,0.010969584334345677,0.5802481827000332,0.0031780649649152354,-0.0203039944320371,-0.0264284299535811,-3024.0,-3246.0,0.0041844871392149,-0.0141204373659625,0.0126075745807093,0.0166371777179358,62.066393136889225,22137.6,21588.85,0.0098425254373382,0.0031712724700637,0.006124435521544,-0.0006379004180406,1,90.0,0.005259680952742904
2025-06-17,22144.0,22260.0,22079.0,22221.0,51036,169,0.008541845712962773,0.0034712082640026786,0.008173771676300578,0.08476948688536874,-0.003876148540846142,0.021463810492414,0.0298801500434898,964.0,-3024.0,0.0057477925207689,0.0041844871392149,0.0124744994614802,0.0139402152331951,67.43222891566265,22146.8,21619.9,-0.0203039944320371,-0.0264284299535811,-0.0084163395510758,9.078117204720932e-05,1,118.0,0.0080771370398165
2025-06-18,21963.0,22175.0,21741.0,22070.0,90040,168,-0.004024514238422925,0.0048600009360297396,0.01976050630606019,0.5677227499790346,-0.011678568366646571,-0.0082871933662069,-0.0083214876533386,-365.0,964.0,-0.0103881720772711,0.0057477925207689,0.0097900687509355,0.0020780636318066,61.828332170272155,22062.6,21639.45,0.021463810492414,0.0298801500434898,3.429428713166635e-05,0.0004062380159233,0,-445.0,0.00588286820118693
2025-06-19,21679.0,21912.0,21466.0,21853.0,65938,168,-0.0035173505417814867,0.007994161841636236,0.02057290465427372,-0.3115391094585075,-0.01787517022226597,-0.0018717565918651,0.0052259746003044,-3649.0,-365.0,-0.0103589870731661,-0.0103881720772711,0.0087355066626392,-0.0190155003581613,56.34920634920635,21953.0,21641.05,-0.0082871933662069,-0.0083214876533386,-0.0070977311921695,0.0098983486201364,0,-110.0,0.0003333269775861204
2025-06-25,22150.0,22213.0,22034.0,22155.0,65742,168,0.008886126387598442,0.00022570816030810018,0.008081264108352144,-0.41452015097575956,0.024588780509325288,0.0454063009678886,0.0369810380734791,304.0,664.0,0.0090666562432135,0.0223807462788593,0.0139184950058307,-0.0090666562432134,60.82142857142857,21789.6,21723.7,0.0038587493810084,0.0062778544848525,0.0084252628944095,0.0086442030173983,1,179.0,0.00044808720246467676
2025-06-26,22124.0,22204.0,22009.0,22175.0,74122,168,0.0007217936885753152,0.0023025360632116182,0.008813957693003074,0.1199743936721783,-0.0014002125190212544,0.0119687589993589,0.009406358945191,-2323.0,304.0,-0.0018971909204835,0.0090666562432135,0.0136386049185764,0.0103881720772712,59.56691515796947,21872.2,21766.95,0.0454063009678886,0.0369810380734791,0.0025624000541678,0.0009481455436357,1,2.0,0.0020301898447974234
2025-06-27,22086.0,22212.0,22036.0,22172.0,72656,168,0.0024836879709738825,0.0038863079326192243,0.007968849044643666,-0.01997640996789415,-0.004021604570704088,0.0056853092477194,0.008728864617216,-2972.0,-2323.0,0.0001808400023012,-0.0018971909204835,0.0121537592957298,0.0188499682299538,57.372754491017965,21965.8,21807.0,0.0119687589993589,0.009406358945191,-0.0030435553694965,-0.001987443628126,1,80.0,0.00403053601571588
2025-06-30,22138.0,22154.0,22013.0,22122.0,43804,108,4.520489117695444e-05,-0.0007230004833697893,0.0063691390369500405,0.5226290997256142,0.0002710639275689792,0.0201519891802159,0.0006368627458974,-3893.0,-2972.0,0.001084353786276,0.0001808400023012,0.0118845295043054,0.021383370610733,50.69264069264069,22100.2,21870.95,0.0056853092477194,0.008728864617216,0.0195151264343184,-0.0034297610226379,1,118.0,0.001083562183575384
2025-07-01,22350.0,22409.0,22063.0,22160.0,71692,169,0.0006771245039214346,-0.008537459180494774,0.015480984340044742,0.49265402795583824,0.01025373257951536,-0.0091417460094629,0.0002794573263343,680.0,-3893.0,0.0093488028645386,0.001084353786276,0.0099748693874687,0.0308154053901666,50.0438596491228,22179.0,21940.05,0.0201519891802159,0.0006368627458974,-0.0094212033357973,-0.0042357669675308,1,52.0,0.001068672455357424
2025-07-02,22390.0,22480.0,22265.0,22293.0,69172,168,-0.002687812396258225,-0.004341702767221556,0.009602501116569897,-0.035783008905675165,0.010325568731580324,-0.0080236678376536,-0.0070635172740513,-516.0,680.0,0.0019218312469466,0.0093488028645386,0.0052716678122858,0.0177834619758459,53.23741007194244,22226.4,21985.75,-0.0091417460094629,0.0002794573263343,-0.0009601505636022,0.0070033956281766,0,-55.0,-0.0006551610003866119
2025-07-03,22713.0,22874.0,22460.0,22570.0,66888,168,0.007739219342797427,-0.0063158569598349605,0.018227446836613394,-0.03357657761591904,0.018664719945837457,0.0389331021753845,0.0186270332937684,-2429.0,-516.0,0.0123806245145533,0.0019218312469466,0.004279757312457,0.010638636979579,66.77316293929712,22338.0,22041.85,-0.0080236678376536,-0.0070635172740513,0.0203060688816161,0.004385383141267,1,172.0,0.001909510483486879
2025-07-04,22430.0,22854.0,22315.0,22793.0,57252,168,0.005190475275800313,0.01605412274488368,0.02403031654034775,-0.15555700252578644,-0.00622224229732737,0.0051238946941897,0.0064078684498719,3789.0,-2429.0,-0.0106407565732536,0.0123806245145533,0.0055094468816388,0.0249164524146159,58.6147926464301,22400.8,22084.7,0.0389331021753845,0.0186270332937684,-0.0012839737556822,0.0047300223015051,1,64.0,0.0034139607407798387
2025-07-10,22617.0,22695.0,22425.0,22468.0,67090,168,0.0015144094471546488,-0.00660976122748827,0.01193792280143255,-0.06910217142098353,0.015551165576413225,0.0173160522606496,0.0043812855992309,-1181.0,-742.0,0.0078588483064108,0.0081907138005009,0.0095801151676861,0.0016952937363847,71.28888888888889,22413.4,22144.15,-0.0057326860948102,0.0178892732103346,0.0129347666614187,0.0082356566107824,1,36.0,0.004814701355250796
2025-07-11,22745.0,22752.0,22580.0,22583.0,60190,168,-0.0012391026942755014,-0.00714793018680036,0.0075621015607825895,-0.10852877601511718,0.012253266351781193,-0.0090121565594716,0.0074360368751447,2343.0,-1181.0,0.0067438272114349,0.0078588483064108,0.0082851231640699,-0.0028264824717578,79.03733693207377,22479.2,22185.35,0.0173160522606496,0.0043812855992309,-0.0164481934346163,0.0062554273322048,0,-92.0,0.0018219273428931534
2025-07-14,22524.0,22591.0,22462.0,22562.0,49350,108,-0.008913265558148909,0.0016856677903564089,0.005727224294086308,1.5987555575017554,-0.005004328328616693,0.0027816163521752,-0.0021026221410877,-1124.0,2343.0,-0.0094009298774358,0.0067438272114349,0.0064427615633128,0.0145581013129307,65.17948717948718,22522.2,22211.3,-0.0090121565594716,0.0074360368751447,0.0048842384932629,0.0108209434286748,0,-94.0,-0.0028793196017565872
2025-07-15,22829.0,22942.0,22557.0,22560.0,57498,168,0.00039901576641657475,-0.011853230937617048,0.016864514433396118,0.15281239871018953,0.011764582384746595,-0.0075370318363867,-0.00874020893346,-2381.0,-1124.0,0.0114196254328552,-0.0094009298774358,0.0080450164929905,0.0095796842834796,66.2020905923345,22634.0,22243.85,0.0027816163521752,-0.0021026221410877,0.0012031770970733,-0.0052630536559961,0,-22.0,-0.003251117495335945
2025-07-16,22888.0,22952.0,22693.0,22710.0,72678,167,-0.004393680178829515,-0.007807399630341989,0.011315973435861586,0.23428856067304007,0.01443432911795109,0.0355692116619823,0.0126508613009489,4521.0,-2381.0,0.0048108555502421,0.0114196254328552,0.008215624004803,0.0248120848737661,69.3307655272027,22731.2,22293.35,-0.0075370318363867,-0.00874020893346,0.0229183503610334,0.0123956681012908,0,-106.0,-0.004302643323520616
2025-07-17,23327.0,23392.0,22886.0,22964.0,94848,168,0.0019178804588515202,-0.015683715661028618,0.02169160200625884,0.2662368849708469,0.026806131848951916,0.0025711221828847,-0.0039247104100609,1956.0,4521.0,0.0098984918650534,0.0048108555502421,0.0080203225194671,0.0214322266235073,72.31638418079096,22838.6,22365.55,0.0355692116619823,0.0126508613009489,0.0064958325929456,0.0094687714288519,1,38.0,-0.0006922613178538065
2025-07-18,23279.0,23414.0,23177.0,23374.0,55048,168,0.009715909799372825,0.004072626896795139,0.010180849692856223,-0.5440700783333882,0.013623894308779675,0.0332840165789053,0.0072469652388555,1179.0,1956.0,0.0049127442052546,0.0098984918650534,0.0082946257812389,0.0234718701821499,73.35842743621916,22938.2,22446.0,0.0025711221828847,-0.0039247104100609,0.0260370513400498,0.0082419240682872,1,202.0,0.0024133700264649433
2025-07-21,23260.0,23395.0,23234.0,23329.0,42998,108,0.0028760939316545605,0.0029620747579833092,0.0069217540842648325,1.369642300795509,0.002970874717446222,-0.0214000019538933,-0.0008753105405878,4207.0,1179.0,-0.0014626804070436,0.0049127442052546,0.0082216196947767,0.0216407871759696,69.73387460532251,23073.6,22533.75,0.0332840165789053,0.0072469652388555,-0.0205246914133055,-0.0037758561980592,0,-28.0,0.004836628063292969
2025-07-22,23016.0,23339.0,22862.0,23253.0,73672,168,0.001075708457680583,0.010244529718237185,0.020724713242961417,0.5384692054351098,-0.013507595599254938,-0.0064684660015133,0.0011854570696518,1454.0,4207.0,-0.0102991087347132,-0.0014626804070436,0.0050700819808116,0.0295790366463619,62.31343283582089,23109.6,22585.3,-0.0214000019538933,-0.0008753105405878,-0.0076539230711652,-0.0002582755814795,1,13.0,0.004555904062902656
2025-07-23,23197.0,23292.0,22975.0,22987.0,53030,168,-0.00013050003281022,-0.009094121223853287,0.013665560201750226,-0.32876501727002727,-0.0024111960013508456,-0.0179537723305019,-0.0177028373009198,1962.0,1454.0,0.0084893094731194,-0.0102991087347132,0.0077639186569199,0.0078603024787934,60.97037355088021,23162.8,22636.65,-0.0064684660015133,0.0011854570696518,-0.0002509350295821,-0.010858621542785,1,16.0,0.0012737674521749746
2025-07-24,23303.0,23345.0,23188.0,23332.0,57050,168,0.006277160643181416,0.001243701243189997,0.006737329957516199,0.07307028515904597,0.01365326890592127,0.0241310123576205,-0.0001631573408487,-3247.0,1962.0,0.0053338047994561,0.0084893094731194,0.0083031028387341,0.0115387564016707,69.76954360596476,23195.2,22696.3,-0.0179537723305019,-0.0177028373009198,0.0242941696984692,0.007793596774391,1,214.0,0.0024074563560172596
2025-07-25,23239.0,23355.0,23189.0,23260.0,58910,168,-0.0021473059571473813,0.0009032452924897434,0.00714316450793924,0.03208277922551127,-0.00399390709336257,0.0052704815299368,0.0011664572705853,-89.0,-3247.0,-0.0030935832869956,0.0053338047994561,0.007468876265495,0.0069740693360734,70.63129002744739,23190.4,22752.15,0.0241310123576205,-0.0001631573408487,0.0041040242593514,-0.0038535693159899,0,-46.0,0.0013331182177412717
2025-07-28,23398.0,23400.0,23246.0,23305.0,44678,108,0.0028790600640341527,-0.003982618800705496,0.006581759124711514,1.4026774422087045,0.0023105568449798284,0.0164207463983512,0.0002639000454326,513.0,-89.0,0.0066052138066978,-0.0030935832869956,0.007383868732668,-0.0010322581561768,75.29933481152993,23223.2,22814.5,0.0052704815299368,0.0011664572705853,0.0161568463529185,-0.0011182315904387,1,130.0,0.002336304916689396
2025-07-29,23200.0,23328.0,23132.0,23317.0,63646,168,-0.003211375300512128,0.005030429594591626,0.008448275862068965,0.35385526891058183,-0.0045156511524400336,-0.0116720783878065,0.0160313642104858,2438.0,513.0,-0.0098379055725796,0.0066052138066978,0.0079039319603826,0.0070356360575646,65.84093872229465,23257.8,22855.0,0.0164207463983512,0.0002639000454326,-0.0277034425982924,0.0010265184819282,0,-66.0,-0.0008265403978751189
2025-07-30,23365.0,23386.0,23164.0,23193.0,53428,168,0.0012943310116589892,-0.007388667145942142,0.009501390969398673,-0.1750015262374549,0.0020564678855335312,-0.0058669604289604,0.0004687578993023,4103.0,2438.0,0.0085117872681702,-0.0098379055725796,0.0077340290656403,0.0074968392196982,66.14987080103359,23292.8,22903.25,-0.0116720783878065,0.0160313642104858,-0.0063357183282628,-0.0070124402740696,1,50.0,0.000320671925060338
2025-07-31,23595.0,23683.0,23222.0,23417.0,102802,168,0.0023942890569167282,-0.0075725708584753896,0.019538037719855902,0.6544698549698732,0.017184316171903524,0.0065258354498845,0.0082466559413728,3045.0,4103.0,0.0097125364145298,0.0085117872681702,0.0077391127318383,0.007519317014749,67.2090112640801,23348.6,22948.95,-0.0058669604289604,0.0004687578993023,-0.0017208204914882,0.0063554986976489,1,136.0,0.00015908158935452982
2025-08-01,23297.0,23493.0,22979.0,23344.0,120806,168,-0.010440509897058787,0.002015394863265367,0.022062926557067434,0.1613811450566971,-0.005137657402711009,-0.0053248553742362,-0.0314894166791836,4187.0,3045.0,-0.0104405098970587,0.0097125364145298,0.0084919766088851,0.0118980486298227,66.32358995471387,23369.8,22994.4,0.0065258354498845,0.0082466559413728,0.0261645613049473,0.0039077482510205,0,-525.0,-0.00225062994282769
2025-08-04,23282.0,23388.0,23267.0,23375.0,38816,108,0.0013270833943209305,0.003986545348701432,0.005197148011339232,0.46761571588741313,0.008497473867096891,-0.0268874688753611,-0.0144243610489392,-5893.0,4187.0,-0.0036048446899114,-0.0104405098970587,0.0101496160786035,0.0045511220197595,59.98225377107365,23343.4,23040.6,-0.0053248553742362,-0.0314894166791836,-0.0124631078264219,0.0120670314443286,0,-236.0,-0.0022397124819403765
2025-08-05,23599.0,23622.0,23363.0,23420.0,79260,168,0.006855211079052872,-0.0076139800828812654,0.01097504131530997,0.7139010550006494,0.009537263077701936,0.0159848305176987,0.0173605721658886,457.0,-5893.0,0.0134516814290028,-0.0036048446899114,0.0097360504299269,-0.0056589364768496,63.31842212281415,23425.8,23106.8,-0.0268874688753611,-0.0144243610489392,-0.0013757416481899,0.0065562691714993,1,186.0,-0.0007527384745616613
2025-08-06,23416.0,23471.0,23291.0,23398.0,74184,168,-0.0075362798941114514,-0.0007690007641749602,0.007687051588657328,-0.06618509426436402,-0.00017080877998660083,-0.0277022885110124,-0.0112140731048006,3751.0,457.0,-0.0063830003950353,0.0134516814290028,0.0100940923803661,0.0176306505247327,55.81688366232676,23438.6,23156.35,0.0159848305176987,0.0173605721658886,-0.0164882154062117,0.0054869238698846,0,-152.0,0.00021533819308745006
2025-08-07,24001.0,24132.0,23364.0,23475.0,86218,168,0.0021321969698406404,-0.022159471052254253,0.03199866672221991,0.15033047907788544,0.025444947521171126,-0.004743088118664,-0.0020500632142718,-1051.0,3751.0,0.0241249944103087,-0.0063830003950353,0.0104466017673635,0.0027358628615271,62.94469883761888,23520.2,23225.65,-0.0277022885110124,-0.0112140731048006,-0.0026930249043921,8.538251371306468e-05,1,235.0,0.00048370938492735337
2025-08-08,23927.0,24026.0,23905.0,24022.0,63538,168,0.001041254597504106,0.003962548720758566,0.0050570485225895434,-0.30524082046526957,0.019071503317213537,0.0474782087073923,0.0149145094067445,1591.0,-1051.0,-0.002002253203023,0.0241249944103087,0.0147215144695763,0.017148320857306,62.635821941815635,23641.2,23284.9,-0.004743088118664,-0.0020500632142718,0.0325636993006477,0.0141429639845537,1,94.0,-0.0014542761089222352
2025-08-11,24166.0,24194.0,24103.0,24157.0,36660,108,0.00864762383940816,-0.00037249343393673913,0.0037656211205826366,1.2877656397537678,0.006351336238938981,-0.0032613675322814,0.0078361292826719,-2801.0,1591.0,0.0088545817656006,-0.002002253203023,0.0131317850612271,0.0255865775513417,70.72135785007072,23821.6,23365.45,0.0474782087073923,0.0149145094067445,-0.0110974968149533,-0.0059117574338658,1,24.0,0.003940358468917635
2025-08-12,24170.0,24292.0,24071.0,24088.0,69020,168,-0.0030673599179394254,-0.003398403535958968,0.009143566404633844,0.6327100752582985,0.0005380015442118832,0.0010744661471488,-0.0013481918422449,2015.0,-2801.0,-0.0011180819849158,0.0088545817656006,0.0122128900609423,0.0380460040068538,67.84505453177886,23933.6,23431.7,-0.0032613675322814,0.0078361292826719,0.0024226579893938,0.0078529540369366,0,-7.0,0.0022071728396576124
2025-08-13,24349.0,24440.0,24266.0,24315.0,56858,168,0.007430374743292807,-0.001397337067739109,0.007146084028091503,-0.19383938617748087,0.010776989744055413,0.0090465466628321,0.0294917889164061,273.0,2015.0,0.0087455695405734,-0.0011180819849158,0.0122085422791042,0.023476240592935,68.87513651255915,24118.0,23503.05,0.0010744661471488,-0.0013481918422449,-0.0204452422535739,-0.0008283288939137,1,163.0,0.004336879554920513
2025-08-14,24247.0,24363.0,24193.0,24344.0,59542,168,-0.0001232260583596612,0.0039925142042629555,0.0070111766404091225,0.046125014394378695,-0.0028005454653421274,-0.0117350391539023,0.0089528193246582,1732.0,273.0,-0.0039920212695374,0.0087455695405734,0.0105368022444574,0.0386048105285439,68.25396825396825,24168.6,23558.15,0.0090465466628321,0.0294917889164061,-0.0206878584785606,0.0020145962204792,0,-10.0,0.0014132629223312394
2025-08-15,24320.0,24340.0,24138.0,24296.0,59048,168,0.001895110359955531,-0.0009873293545185756,0.008305921052631579,-0.008331273419003866,-0.0009863554967036448,-0.0018240480913878,-0.001208960649745,-809.0,1732.0,0.0025534382309996,-0.0039920212695374,0.0062065529020847,0.0104877948486977,67.16417910447763,24241.2,23610.65,-0.0117350391539023,0.0089528193246582,-0.0006150874416428,-0.0035812086764621,1,32.0,0.0030674196816295584
2025-08-18,24388.0,24439.0,24356.0,24402.0,30914,108,0.003695040538650587,0.0005738881075728592,0.0034033131048056423,0.9151268884736768,0.009599810039199755,-0.0088355752637671,-0.0228137358110647,172.0,-809.0,0.0046780831344049,0.0025534382309996,0.0057735105626043,0.0150434862827204,74.61988304093568,24294.0,23670.55,-0.0018240480913878,-0.001208960649745,0.0139781605472975,0.0012347204927084,0,-113.0,0.0018223082800821518
2025-08-19,24350.0,24432.0,24267.0,24415.0,42664,168,-0.0004504412352732102,0.0026658479850247734,0.006776180698151951,0.32214631756817425,-0.0021332466245436526,0.0105353693214809,0.0040887768648209,4581.0,172.0,-0.0034448852965316,0.0046780831344049,0.0049612889509358,0.0108669876515247,70.01223990208078,24335.4,23738.15,-0.0088355752637671,-0.0228137358110647,0.0064465924566599,0.0093368287540958,0,-46.0,0.001713236554444302
2025-08-20,23661.0,24230.0,23531.0,24147.0,85588,168,-0.008043104672658737,0.020332025695742932,0.029542284772410294,0.6961896131064034,-0.03136957442966009,-0.0367467399876071,-0.0183097257618302,-3007.0,4581.0,-0.0281215806713029,-0.0034448852965316,0.0054338295430509,0.008540184339909,51.345755693581786,24199.4,23762.2,0.0105353693214809,0.0040887768648209,-0.0184370142257769,-0.0015598706007602,0,-242.0,-0.001599501789760454
2025-08-21,23870.0,23929.0,23626.0,23715.0,80726,168,0.002026086548482835,-0.006514681021193642,0.012693757855048178,-0.05848438210095173,-0.011537708428967751,-0.0177761973669194,-0.0072003062515825,-2510.0,-3007.0,0.0077863984797972,-0.0281215806713029,0.0131010293248748,-0.0283269658719674,58.94996476391826,24119.8,23789.3,-0.0367467399876071,-0.0183097257618302,-0.0105758911153369,-0.018130167715547,1,62.0,-0.002155819786483038
2025-08-22,23720.0,24108.0,23717.0,23800.0,108624,168,-0.002182490583430423,0.0033670065479042485,0.01648397976391231,0.29683167325553855,0.00021081479997962812,-0.0055710390311863,-0.0049065192503276,4756.0,-2510.0,-0.0042855407802091,0.0077863984797972,0.0144650628092519,-0.0165485461226327,58.57843137254902,24007.4,23814.9,-0.0177761973669194,-0.0072003062515825,-0.0006645197808586,0.0051701424512388,1,25.0,-0.002733169569202109
2025-08-25,24230.0,24258.0,24139.0,24236.0,46396,108,0.020256600602092303,0.0002475962543082658,0.004911267024349979,0.9564429935353204,0.004757481307499274,0.0245927948001563,0.0266266701417785,3652.0,4756.0,0.0208753231660176,-0.0042855407802091,0.0140905428449287,-0.0233875251338415,61.11111111111111,23972.4,23857.85,-0.0055710390311863,-0.0049065192503276,-0.0020338753416222,-0.0053331220111717,1,370.0,0.006700065522381571
2025-08-26,24242.0,24342.0,24151.0,24180.0,54036,168,-0.0029320084600212098,-0.002560820861673704,0.00787888788053791,0.15243724248780507,0.00024753496557761856,0.0110973784816545,0.0003196737319046,1126.0,3652.0,8.246742541365356e-05,0.0208753231660176,0.0180770812946898,-0.0071902851022288,64.3054595715273,23954.6,23912.35,0.0245927948001563,0.0266266701417785,0.0107777047497499,0.0054164817876832,0,-108.0,0.005047367186213555
2025-08-27,24473.0,24474.0,24283.0,24356.0,58776,168,0.004237904674246034,-0.0047922432945369684,0.007804519266130021,0.08408311721054144,0.01204462385421808,0.0131983750743644,0.008927616607309,-1523.0,1126.0,0.0086214508893652,8.246742541365356e-05,0.018047989250572,-0.0036629323802835,59.20221169036335,24113.8,23967.45,0.0110973784816545,0.0003196737319046,0.0042707584670553,0.0045458380620645,1,97.0,0.007187498938772374
2025-08-28,24268.0,24488.0,24256.0,24351.0,88578,168,-0.004588855514298504,0.00341430636709701,0.009559914290423603,0.4101499114620295,-0.0036196156662762105,0.0023848607204639,0.0028695310765364,2361.0,-1523.0,-0.009652782842746,0.0086214508893652,0.0096209485279245,0.0330800991803846,55.130562706877534,24189.0,23999.4,0.0131983750743644,0.008927616607309,-0.0004846703560724,0.0046299224328479,0,-105.0,-0.0010943197666912284
2025-08-29,24250.0,24443.0,24033.0,24414.0,92684,168,0.00764774912890712,0.006740120864115666,0.016907216494845362,0.04531233811049643,-0.004156299063656173,-0.0042716984820557,0.0048708385829283,-1316.0,2361.0,0.0016084135852244,-0.009652782842746,0.011965886382761,0.0156409178578412,52.06286836935168,24292.4,24045.55,0.0023848607204639,0.0028695310765364,-0.0091425370649841,-0.0053513485462179,1,173.0,0.0024322660962848817
2025-09-01,24019.0,24096.0,24008.0,24079.0,26126,108,-0.007777311364828787,0.0024949075272491174,0.0036637661851034596,0.6760696147533778,-0.0017470886307451642,-0.0315497763827814,-0.0319607184579502,-222.0,-1316.0,-0.0107302945658592,0.0016084135852244,0.0113261688153527,0.0215348722232749,47.713359740727405,24243.8,24082.95,-0.0042716984820557,0.0048708385829283,0.0004109420751687,-0.0055067123619832,0,-147.0,-0.0015728059167400587
2025-09-05,24440.0,24549.0,24211.0,24335.0,114874,168,0.00837688270690224,-0.0043054910179769895,0.013829787234042552,0.37951506796875745,0.012806697713352877,0.0163741360671255,0.0133279965252948,1285.0,-493.0,0.0118227572246173,0.0056099380437208,0.0061449035725496,-0.0039702285401853,49.874506991753314,24104.2,24161.3,0.0130499183367126,-0.0022575149629219,0.0030461395418306,-0.0026072396667665,1,231.0,0.00274910682366019
2025-09-08,24570.0,24678.0,24562.0,24677.0,38776,108,0.010510117929813904,0.0043454491998589214,0.0047212047212047215,0.5496337956592957,0.003751431572941105,0.0342685546426323,0.0163688864489969,2199.0,1285.0,0.0053910688053785,0.0118227572246173,0.0084199866694174,0.0062441150992075,53.683468452590766,24212.8,24180.75,0.0163741360671255,0.0133279965252948,0.0178996681936354,0.0022959298347492,1,169.0,0.0037032297572957844
2025-09-09,24809.0,24882.0,24647.0,24712.0,72798,168,0.006536369007769083,-0.003917534947013638,0.00947236889838365,0.6298869837547161,0.00533485483034756,0.0154099992635458,0.0083329356520987,-695.0,2199.0,0.0101717084720692,0.0053910688053785,0.0051299116142222,0.0223654784704452,73.51844177372566,24380.2,24214.1,0.0342685546426323,0.0163688864489969,0.007077063611447,-0.0015059324362515,1,174.0,0.008474456548161742
2025-09-10,25193.0,25475.0,24861.0,24977.0,97240,168,0.007031106327878234,-0.008610776743748105,0.024371849323224705,0.2894936671501317,0.019277222535926432,0.0149768558884225,0.0017576456865279,3207.0,-695.0,0.0150463022634869,0.0101717084720692,0.0041787849427488,0.0343298624689859,75.46082949308756,24616.4,24255.65,0.0154099992635458,0.0083329356520987,0.0132192102018945,0.0031094175718048,1,168.0,0.008025864421820406
2025-09-11,25259.0,25446.0,25255.0,25361.0,88040,168,0.0072419636241859075,0.004030033111413728,0.007561661190070866,-0.09939089278966166,0.01122712644838081,0.0372383887029153,0.023478868573658,979.0,3207.0,0.0024594403289448,0.0150463022634869,0.0041402009549951,0.048041774809273,79.05616224648986,24838.0,24305.15,0.0149768558884225,0.0017576456865279,0.0137595201292573,0.0082954930523855,1,208.0,0.00693647965327774
2025-09-12,25428.0,25444.0,25319.0,25409.0,61262,168,0.006673404299839264,-0.000747487101310751,0.004915840805411358,-0.36263150805557465,0.002638368105908949,-0.0058920254216571,0.0062409296870326,1496.0,979.0,0.0086392773871528,0.0024594403289448,0.0050423102641106,0.044891277094497,76.46801051709028,25046.0,24362.5,0.0372383887029153,0.023478868573658,-0.0121329551086898,-0.005767803292973,1,178.0,0.0069821580839678
2025-09-15,25371.0,25449.0,25284.0,25422.0,45454,108,-0.0014543741876881322,0.002008151404282368,0.006503488234598558,1.380984419954592,-0.00027586750652794253,0.0016208833725958,0.0010586028579909,-2241.0,1496.0,-0.0041722488297103,0.0086392773871528,0.0047879112879831,0.0417077972570325,73.05113160100586,25206.4,24408.85,-0.0058920254216571,0.0062409296870326,0.0005622805146049,0.0016117306002865,0,-55.0,0.004153664578779011
2025-09-16,25620.0,25649.0,25390.0,25428.0,52682,168,0.0029538628437074895,-0.007522367394425845,0.010109289617486339,0.1475730156747382,0.0077583555961110535,0.0078738809380905,0.0096322935373737,-338.0,-2241.0,0.0108274566071362,-0.0041722488297103,0.0074379932073899,0.0321444796219436,73.77650897226754,25371.8,24473.2,0.0016208833725958,0.0010586028579909,-0.0017584125992832,-0.0020095757102734,1,67.0,0.0027242976519528724
2025-09-17,25474.0,25616.0,25427.0,25554.0,63932,168,-0.0029306626684598024,0.0031355360015637816,0.007419329512444061,0.19354617727984813,0.001807395093405309,0.0057479882495502,0.0031946738405383,652.0,-338.0,-0.0062232338462256,0.0108274566071362,0.0075257501453696,0.0328002277570107,76.13636363636364,25430.2,24563.35,0.0078738809380905,0.0096322935373737,0.0025533144090119,0.0081882570762833,0,-54.0,-0.00047705800414681623
2025-09-18,25707.0,25888.0,25349.0,25553.0,185914,168,0.003253437595277047,-0.006008601768448841,0.020967051775780916,1.0674641826914664,0.005969468185960098,0.0027818420251354,-0.0031302951111676,-618.0,652.0,0.0093398361585371,-0.0062232338462256,0.0075409665645734,0.011530691647298,77.98913043478261,25524.0,24656.2,0.0057479882495502,0.0031946738405383,0.005912137136303,-0.0041140228463245,1,153.0,0.0010922125901749102
2025-09-19,25667.0,25863.0,25642.0,25841.0,60428,168,0.005121252706087084,0.0067562577417591765,0.008610277788600148,-1.1238316275163949,0.004451393527587927,0.0220170138750981,0.0353308303022777,310.0,-618.0,-0.0014791750458753,0.0093398361585371,0.008176890319758,0.0184110874768903,85.30785562632697,25566.4,24752.25,0.0027818420251354,-0.0031302951111676,-0.0133138164271796,0.0033507395177828,1,141.0,0.001814675877634775
2025-09-22,25864.0,25926.0,25792.0,25909.0,53398,108,0.009228448588166896,0.0017383582690624765,0.005180946489328797,1.5040961242447892,0.00492239516419403,-0.0141332174367924,-0.0073395455098043,949.0,310.0,0.0085334678652132,-0.0014791750458753,0.0078904539709667,0.008292635043862,88.03317535545024,25674.0,24834.25,0.0220170138750981,0.0353308303022777,-0.006793671926988,-0.0069486508504106,1,85.0,0.0058677129631770075
2025-09-23,26263.0,26544.0,25905.0,26070.0,120658,168,0.006889809976169587,-0.007375876597547418,0.024330807600045693,0.815186805292591,0.0135707058507634,0.0288764832051522,0.0155817885384753,364.0,949.0,0.0146463779137798,0.0085334678652132,0.0075831535825535,0.0209983517387856,89.48646773074255,25802.8,24935.25,-0.0141332174367924,-0.0073395455098043,0.0132946946666768,0.0052278082933037,1,167.0,0.007079837090141188
2025-09-24,26231.0,26466.0,26128.0,26416.0,83384,168,0.005428091294751557,0.007027969740532396,0.012885517136212879,-0.3695036529368105,0.006156689491829606,0.0363061222919482,-0.0034672584217477,1039.0,364.0,-0.001371167611514,0.0146463779137798,0.0085484821650847,0.0248172730454292,87.81890046712181,25956.2,25023.95,0.0288764832051522,0.0155817885384753,0.0397733807136959,0.0082169731022808,1,103.0,0.007182116619696012
2025-09-25,26065.0,26219.0,25845.0,26198.0,110558,168,-0.0014875562960494858,0.005089653755387992,0.014348743525800883,0.2820838256936814,-0.013376468957702926,-0.0070996490461631,-0.0017786239066968,-3717.0,1039.0,-0.0053502630779932,-0.001371167611514,0.0071165848558034,0.0296693392801409,81.82852807283763,26033.8,25117.4,0.0363061222919482,-0.0034672584217477,-0.0053210251394662,-0.0052838774979232,0,-46.0,0.0036101149916238848
2025-09-26,25650.0,26064.0,25566.0,26012.0,97144,168,-0.003262395186608053,0.01401439839012691,0.019415204678362573,-0.12934585637918475,-0.0211395003586786,-0.0145327713145516,-0.001960007240511,-1862.0,-3717.0,-0.0165363270490111,-0.0053502630779932,0.0082938879269921,0.0149792400436105,69.06548431105048,26033.4,25187.5,-0.0070996490461631,-0.0017786239066968,-0.0125727640740406,-0.0035954751095828,0,-153.0,0.00022604660403133811
2025-09-30,25948.0,26126.0,25913.0,26074.0,56524,108,0.015654611096084844,0.004844113889778145,0.008208725142592879,1.1458503355125862,0.007970636123622988,-0.0004755155348788,0.0015942842229045,-3340.0,-1862.0,0.0110417021705365,-0.0165363270490111,0.01215823562076,-7.791195952529598e-05,69.42009440323667,26046.0,25284.8,-0.0119997938458975,0.0032375463563063,-0.0020697997577834,-0.0106563308605146,1,131.0,0.0036348865378091
2025-10-01,25982.0,26348.0,25920.0,26130.0,89676,168,0.006758339217482281,0.0056800889589800636,0.016472942806558387,0.4615378480156537,-0.003534658667045932,0.0219367386836316,0.0086260312867352,3189.0,-3340.0,0.0035000708821159,0.0110417021705365,0.012641299452288,0.0024303223457979,66.16933979858263,26000.4,25388.8,-0.0004755155348788,0.0015942842229045,0.0133107073968964,0.0059512483874669,1,140.0,0.006383518375653023
2025-10-02,26428.0,26607.0,26322.0,26421.0,115516,168,0.014333337294277344,-0.0002649056762071395,0.010784016951717875,0.25320587377008646,0.011339974635118195,0.0323403838077728,0.0202740357133821,-419.0,3189.0,0.0147117524959473,0.0035000708821159,0.0102826496231308,-0.0087159846858659,69.81697171381032,26039.2,25510.5,0.0219367386836316,0.0086260312867352,0.0120663480943906,-0.0018795916464015,1,414.0,0.012248762535948155
2025-10-03,26769.0,26845.0,26404.0,26427.0,73566,168,-0.00015134889733379306,-0.012858286790355734,0.01647427995068923,-0.4512260860279349,0.013085353094691875,-0.0012487787393233,0.0192134145368339,-838.0,-419.0,0.0118099762901112,0.0147117524959473,0.0126671467217276,0.0073669354215954,70.74193548387096,26168.8,25641.15,0.0323403838077728,0.0202740357133821,-0.0204621932761573,-0.0010588013846023,1,49.0,0.006980109204808609
2025-10-07,27291.0,27396.0,27040.0,27077.0,79518,108,0.012337119058402568,-0.00787231846641863,0.013044593455718002,1.2980261973169362,0.022642756460611552,0.0343463721960629,0.0284976118798379,2335.0,-838.0,0.021344698482082,0.0118099762901112,0.0126808372763458,0.0245271747896999,77.56930831699805,26499.4,25786.3,0.0140619415697046,-0.0064556258600917,0.005848760316225,0.009957808914406,1,457.0,0.008839702485115371
2025-10-08,27025.0,27356.0,27000.0,27040.0,104704,168,-0.010374987290532026,0.0005548876494914015,0.013172987974098058,0.2751539104136305,-0.0019222955163439384,-0.0280688268197454,-0.0207781604134923,-2849.0,2335.0,-0.008416846528524,0.021344698482082,0.006456011623143,0.062408200320793,70.77185017026108,26727.2,25913.4,0.0343463721960629,0.0284976118798379,-0.007290666406253,0.0044017384547338,0,-261.0,0.0006035942901789151
2025-10-09,27342.0,27440.0,27125.0,27420.0,84394,168,0.011997282197396864,0.0028486926243678603,0.01152073732718894,-0.21564101251272635,0.0111067303350371,0.0350549032597479,0.0334141643136282,-6704.0,-2849.0,0.0088925404101911,-0.008416846528524,0.0114637105854184,0.0429496516217325,75.85250901025783,26985.2,26040.05,-0.0280688268197454,-0.0207781604134923,0.0016407389461197,0.0011818149619416,1,347.0,0.004653137988422468
2025-10-13,26920.0,27195.0,26888.0,27190.0,86266,108,-0.005318673702583303,0.009979753867852255,0.011404160475482912,1.4065524279346653,-0.006959382497339515,-0.0662384841404919,-0.065332198440809,1653.0,-6704.0,-0.015892957908994,0.0088925404101911,0.0111134580548212,0.0483421211498076,65.72782311134509,27079.8,26126.35,-0.0153542613026426,-0.0029196247754479,-0.0009062856996828,-0.0038338705107219,0,-885.0,-0.0012321262652394893
2025-10-14,26740.0,27280.0,26500.0,27250.0,129278,168,0.012778546671284705,0.018892949435455986,0.02916978309648467,0.40452957840258486,-0.016688686970582192,0.0762258196390896,0.0481196211784705,-4309.0,1653.0,-0.0069374788703481,-0.015892957908994,0.0152860658510148,0.0177374107448662,63.2632379022042,27074.4,26200.25,-0.0662384841404919,-0.065332198440809,0.0281061984606191,0.0170188161336601,1,365.0,0.006485718388699421
2025-10-15,27329.0,27565.0,26739.0,26783.0,147612,168,0.002429862319629466,-0.020181051555275026,0.030224303853049875,0.13262208531855896,0.00289488833327166,-0.0232130477647336,-0.0230403508281558,5617.0,-4309.0,0.0211095495487241,-0.0069374788703481,0.0150501446832904,-0.001010044415593,66.25552711193856,27067.6,26291.7,0.0762258196390896,0.0481196211784705,-0.0001726969365777,-0.0204130302838037,1,160.0,0.0032965784294436214
2025-10-16,27782.0,27814.0,27230.0,27478.0,180332,168,0.006938639385411958,-0.011002644473441004,0.021020804837664674,0.2002123867610479,0.03662097108794765,0.0292038416444956,0.0295026609915531,5773.0,5617.0,0.0193800295210342,0.0211095495487241,0.014966114103701,-0.0012451933489509,67.40840638345696,27213.4,26415.15,-0.0232130477647336,-0.0230403508281558,-0.0002988193470574,0.0151389369914722,1,257.0,0.007382349458775375
2025-10-17,27265.0,27648.0,27037.0,27492.0,210436,168,-0.011932021378020043,0.008291224881333915,0.022409682743443977,0.1543819724530647,-0.007781856123731617,-0.0161115742843854,0.0048588237986907,-364.0,5773.0,-0.0179152570312193,0.0193800295210342,0.0162787611219338,0.0265516827006073,61.11677195842674,27212.0,26500.1,0.0292038416444956,0.0295026609915531,-0.0209703980830762,0.0100060437126989,0,-571.0,-0.0008545065576595409
2025-10-20,27818.0,27952.0,27703.0,27890.0,76786,108,0.02035638403323831,0.002584908454459136,0.008951038895679057,0.8291784301205954,0.013207841583587555,-0.0160025301445064,-0.0032464366504352,-3551.0,-364.0,0.0165125052500823,-0.0179152570312193,0.0189924765769393,-0.0002561147408031,66.14324013787821,27387.8,26615.75,-0.0161115742843854,0.0048588237986907,-0.0127560934940711,0.0028215999225273,1,116.0,0.005121000680210074
2025-10-21,27826.0,27948.0,27727.0,27847.0,105470,168,0.0023009177866566274,0.0007544052232132127,0.007942212319413498,0.3174042204187083,-0.0022973662197125154,0.0088398211246682,0.0156703386891188,335.0,-3551.0,0.0017980442128409,0.0165125052500823,0.0177216702291819,0.0321493484182733,72.33691164327003,27610.8,26721.95,-0.0160025301445064,-0.0032464366504352,-0.0068305175644506,0.0122767580275972,1,117.0,0.0035750934806249635
2025-10-22,27732.0,27873.0,27454.0,27733.0,123952,168,-0.0035993272130299923,3.605877580840583e-05,0.015108899466320496,0.16146784160102393,-0.0041382595626541395,-0.0107732509302306,-0.0066684546166467,1969.0,335.0,-0.0046455599689616,0.0017980442128409,0.0164600752577865,0.0408848715014624,68.66467576791808,27694.0,26823.6,0.0088398211246682,0.0156703386891188,-0.0041047963135838,-0.0024043217582374,0,-143.0,0.006352658202288314
2025-10-23,27620.0,27727.0,27311.0,27399.0,125290,168,-0.011070290722469248,-0.00803363160349443,0.015061549601737872,0.01073665636791451,-0.004082891874906441,-0.0193016690745028,-0.0239268810603974,-2813.0,1969.0,-0.0053565093691714,-0.0046455599689616,0.0153967290296042,0.0151297619837765,65.92202318229715,27640.8,26906.85,-0.0107732509302306,-0.0066684546166467,0.0046252119858946,0.0005054699172503,0,-319.0,-0.004122900049614205
2025-10-27,28236.0,28248.0,28065.0,28140.0,62656,108,0.020971753955293486,-0.0034057078469827947,0.00648108797280068,1.030296357182869,0.01765024919212746,0.0144447490975186,0.0187428391016563,1788.0,-2813.0,0.0239878123047762,-0.0053565093691714,0.0125366224983172,-0.0096067769064291,67.8400954653938,27820.2,27004.45,0.0063836553156723,0.0251134551475057,-0.0042980900041376,0.0062248794952647,1,728.0,0.002100712006598081
2025-10-28,27988.0,28320.0,27953.0,28310.0,75544,168,0.003006989088082412,0.01143925224015797,0.013112762612548234,0.1870558210527229,-0.005416204802592666,0.0110923730555495,0.0270134659281319,96.0,1788.0,-0.0079321738399921,0.0239878123047762,0.0131622020469842,0.0322962924295665,62.73040307879279,27864.0,27092.7,0.0144447490975186,0.0187428391016563,-0.0159210928725824,-0.0020881637062686,1,8.0,0.004302817440302215
2025-10-29,28443.0,28525.0,28096.0,28215.0,91574,168,0.007577815225369949,-0.008048333182828372,0.015082797173293956,0.19243212063356624,0.004686985480123558,0.0109374032637695,0.0037221455644271,-3243.0,96.0,0.0145356549398299,-0.0079321738399921,0.0130337191318234,0.007851613339492,61.42557651991614,27979.8,27208.45,0.0110923730555495,0.0270134659281319,0.0072152576993423,-0.0082155703490269,1,223.0,0.010518852756248614
2025-10-30,28380.0,28496.0,28216.0,28365.0,116280,168,-0.0016556003570329801,-0.0005286809533660422,0.009866102889358703,0.23885368709634092,0.005830920310793144,0.011737290564162,0.0183470705825015,3033.0,-3243.0,-0.0004928709833975,0.0145356549398299,0.0142750654643169,0.0205892240664809,64.32491767288694,28118.6,27344.9,0.0109374032637695,0.0037221455644271,-0.0066097800183395,0.0066034810998378,1,18.0,0.002976401318806459
2025-10-31,28430.0,28458.0,28200.0,28290.0,87396,168,-0.003810334838690131,-0.004936540349432646,0.009074920858248329,-0.2855515606668968,0.0022889348843779657,-0.006148254176351,-0.0153923161519802,-325.0,3033.0,0.0011613790040015,-0.0004928709833975,0.0137488403843756,0.024741913052045,62.6092959042798,28293.6,27468.75,0.011737290564162,0.0183470705825015,0.0092440619756291,-0.0011262055107424,1,80.0,0.0007039600098822782
2025-11-03,28322.0,28481.0,28273.0,28410.0,59842,108,-0.00073890329007101,0.003102308065229519,0.007344114116234729,0.5441614775703044,0.002014597673612947,-0.0092437942280235,0.0017529189824914,1810.0,-325.0,-0.0032058648936331,0.0011613790040015,0.0128040664585049,0.031259801425218,67.92311532700948,28316.6,27583.5,-0.006148254176351,-0.0153923161519802,-0.010996713210515,-0.0016517602026352,0,-51.0,-0.0020682794952647083
2025-11-04,28100.0,28572.0,28007.0,28496.0,119520,168,0.005489492284771515,0.013994150207605811,0.0201067615658363,0.6917759658169103,-0.010971619526396447,0.0146378105603358,0.0058360354848284,-4944.0,1810.0,-0.0078998586443885,-0.0032058648936331,0.0084078425565888,0.0040661242268085,67.30150878060846,28339.6,27667.8,-0.0092437942280235,0.0017529189824914,0.0088017750755073,-0.0014104374693622,1,70.0,0.0003134180520034567
2025-11-05,27860.0,28202.0,27746.0,27912.0,109462,168,-0.00731767173367284,0.0018647355328132414,0.016367552045944006,-0.08790626432094859,-0.022571758195646205,-0.0361028627298112,-0.0409024521206408,38.0,-4944.0,-0.0111585149786184,-0.0078998586443885,0.008399447641136,0.0040984394224121,56.82959048877147,28218.2,27720.8,0.0146378105603358,0.0058360354848284,0.0047995893908296,-0.0103668202479507,0,-407.0,-0.0008556942463241127
2025-11-06,28010.0,28157.0,27725.0,28052.0,121652,168,0.0088440700351366,0.001498341402646926,0.015423063191717244,0.10558705263913015,0.0035048853875441037,-0.0013951830443456,0.0297414407930055,-4246.0,38.0,0.0082021986013386,-0.0111585149786184,0.0051360101419132,-0.0215957304960362,53.04597701149424,28145.4,27756.4,-0.0361028627298112,-0.0409024521206408,-0.0311366238373511,0.0034225017646402,1,205.0,0.002338630195411757
2025-11-07,27759.0,27818.0,27287.0,27665.0,161746,168,-0.013249982890792853,-0.0033920355849298457,0.019128931157462444,0.28486269385167595,-0.010499818739661106,-0.0150978415746813,-0.0241948594150834,2171.0,-4246.0,-0.0109031996131792,0.0082021986013386,0.0076245859812629,-0.0129006609113,56.10942249240122,28005.2,27788.25,-0.0013951830443456,0.0297414407930055,0.0090970178404021,0.0008564699688488,0,-257.0,-0.003907861529776366
2025-11-10,28001.0,28035.0,27830.0,27834.0,62890,108,0.0037434353699750266,-0.005981928825516662,0.007321167101174958,0.011900713088255152,0.015838493865739215,-0.0095181525332891,-0.010172154866178,-903.0,2171.0,0.0102609159158093,-0.0109031996131792,0.0080420920723927,-0.0249652395284808,53.732777955783405,27940.4,27822.3,-0.0150978415746813,-0.0241948594150834,0.0006540023328888,-0.001693480506333,1,47.0,-0.00022082582856041054
2025-11-11,27815.0,28107.0,27705.0,28106.0,114792,168,0.0032073011350572038,0.010407633151296827,0.014452633471148661,0.6017346264906935,-0.0006828514704050836,0.0301515174606061,0.0297222282358295,231.0,-903.0,-0.0084594382172982,0.0102609159158093,0.010629199542753,-0.0114984587190382,49.1986694889628,27873.0,27866.1,-0.0095181525332891,-0.010172154866178,0.0004292892247766,0.0085674354094762,1,133.0,-0.002099748795253542
2025-11-12,28080.0,28176.0,27775.0,27903.0,96830,168,0.004417872602241951,-0.006323369229170743,0.014280626780626781,-0.17016493142266564,-0.0009254975209429212,-0.0139827363123658,-0.0250779759637158,-941.0,231.0,0.0098148869712818,-0.0084594382172982,0.0107055769709329,-0.012058038291948,55.06952491309385,27922.8,27932.9,0.0301515174606061,0.0297222282358295,0.01109523965135,-0.0131954926498246,1,109.0,0.0037895363690913925
2025-11-13,28013.0,28098.0,27657.0,28065.0,120432,168,0.0003920240966829185,0.0018545602519360726,0.015742690893513725,0.21812841466873645,0.0039344782137868415,-0.0018907832823698,0.0145687294799454,1566.0,-941.0,-0.0026412550601445,0.0098148869712818,0.0105290025466871,0.0089153636579522,56.27590290112492,27912.0,27967.5,-0.0139827363123658,-0.0250779759637158,-0.0164595127623152,0.0058988784461065,0,-16.0,0.002672399277994023
2025-11-14,27389.0,27704.0,26954.0,27467.0,205202,168,-0.01850468514132845,0.0028438111625782177,0.027383256051699587,0.5329095815456345,-0.024381775460734174,-0.0294003652156548,-0.0378999549449054,-1550.0,1566.0,-0.0209104601589212,-0.0026412550601445,0.0099786394429285,-0.0019280900035308,37.469586374695865,27846.2,27946.45,-0.0018907832823698,0.0145687294799454,0.0084995897292505,-0.002070763709009,0,-470.0,-0.0045649294808011946
2025-11-17,27454.0,27577.0,27259.0,27394.0,98808,108,-0.00025549776578442885,-0.0021878655168384286,0.011583011583011582,0.6797964916699362,-0.0013104253476865575,0.0092412069033089,-0.0011063936589521,-3081.0,-1550.0,0.0028425675117065,-0.0209104601589212,0.0131235813561544,-0.0119353505492728,41.67992363983455,27738.8,27954.0,-0.0294003652156548,-0.0378999549449054,0.0103476005622611,-0.0039700658580692,1,169.0,-0.006122719603476655
2025-11-18,26747.0,27496.0,26695.0,27175.0,147824,168,-0.011124643582847316,0.015875115487196972,0.029947283807529815,0.40284380379267604,-0.023901693792553275,-0.0099148552226987,-0.0156044337727627,3069.0,-3081.0,-0.0248336393106194,0.0028425675117065,0.0116756662656242,-0.0193536989533756,26.416201937188134,27543.8,27905.1,0.0092412069033089,-0.0011063936589521,0.0056895785500639,-0.0033061484455848,0,-337.0,-0.009961608829986732
2025-11-19,26685.0,27073.0,26658.0,26906.0,121240,168,0.0037608727838501776,0.00824770027744303,0.015551808131909312,-0.19825032473878698,-0.018195823221364957,-0.0146451449817739,-0.0233416545968282,-3521.0,3069.0,-0.0078652090852201,-0.0248336393106194,0.0150835078954534,-0.0357279000466968,24.97918401332224,27252.0,27843.2,-0.0099148552226987,-0.0156044337727627,0.0086965096150542,-0.0124939063796779,0,-4.0,-0.0025397561882605237
2025-11-20,27508.0,27540.0,26788.0,26979.0,117126,168,0.014335557406207178,-0.019418085857101627,0.027337501817653046,-0.03452177378059074,0.022127561394238517,0.0159209180620139,0.0180020690608727,4000.0,-3521.0,0.0328080167153016,-0.0078652090852201,0.0118363012404795,-0.0534079961031988,39.35382544312318,27152.4,27832.1,-0.0146451449817739,-0.0233416545968282,-0.0020811509988588,-0.0077159720592371,1,713.0,0.002323928869070012
2025-11-21,26489.0,27380.0,26247.0,26690.0,268534,168,-0.02924228149314991,0.007559410939382478,0.042772471591981574,0.829727256945798,-0.018329233123437788,-0.017397409011791,-0.0488436090960483,6880.0,4000.0,-0.03691495340481,0.0328080167153016,0.0231071498370964,-0.0179587243277526,32.711674748228276,26969.4,27778.6,0.0159209180620139,0.0180020690608727,0.0314462000842573,0.0063515453535488,0,-732.0,-0.00371528376769752
2025-11-24,26615.0,26956.0,26454.0,26929.0,94606,108,0.016587481320698847,0.01172880620075071,0.018861544241968814,0.331655409781842,-0.0021768511823909284,-0.0088317224703909,0.0085214845810006,-9041.0,6880.0,0.0048586751199481,-0.03691495340481,0.0269027464281191,-0.0339632175736413,35.74411541381929,26796.6,27698.1,-0.017397409011791,-0.0488436090960483,-0.0173532070513916,-0.0099181818372429,1,219.0,0.0005602524112520366
2025-11-25,26918.0,27069.0,26650.0,27052.0,127530,168,0.01628597308797288,0.004965731901169717,0.015565792406568095,0.2986307320451068,-0.0004085650139474547,0.0342361253440289,0.0452828525109611,2022.0,-9041.0,0.0118773339200093,0.0048586751199481,0.0270976662183661,-0.0319471099653997,41.73302995828593,26822.2,27644.65,-0.0088317224703909,0.0085214845810006,-0.0110467271669321,-0.0033758471670129,1,440.0,0.0012103909718406043
2025-11-26,27350.0,27465.0,26821.0,27180.0,116604,168,0.00912910817826776,-0.006235120144992553,0.023546617915904938,-0.08956805239350615,0.010955589155296624,0.0001404626635464,0.001636680576401,1482.0,2022.0,0.0145961088977948,0.0118773339200093,0.025792829264893,0.004763863265229,43.52141150523801,26969.0,27590.5,0.0342361253440289,0.0452828525109611,-0.0014962179128546,-0.0045195305499685,1,255.0,0.014000854195646494
2025-11-27,27576.0,27589.0,27392.0,27447.0,47720,168,0.0043084629229832045,-0.004688956849056376,0.0071438932404989846,-0.8934329814155869,0.014464420491566495,0.018377199436534,0.0272214079788883,1047.0,1482.0,0.0092512314813734,0.0145961088977948,0.0258290622497012,0.0272251812482439,48.63661658319421,26989.2,27549.75,0.0001404626635464,0.001636680576401,-0.0088442085423542,0.005172709958133,1,189.0,0.009907848063074614
2025-12-03,27748.0,27835.0,27610.0,27800.0,109340,168,0.008634290739152364,0.0018722551735364848,0.008108692518379703,0.2167164717344276,0.005275531657206646,0.0152132381682666,0.0181995749735044,669.0,-2711.0,0.0071223569762089,0.0057127418167865,0.0101356769985957,0.0230494294127092,47.93526785714286,27610.0,27438.45,-0.0132256810894473,-0.000657870242939,-0.0029863368052378,-0.0040916142897534,1,247.0,0.007357287280134441
2025-12-04,27829.0,27860.0,27655.0,27856.0,73672,168,0.0035242960921852643,0.0009697405806193536,0.007366416328290632,-0.39483948504778726,0.0010426217486226002,0.0114377987595018,0.0181626243731669,-861.0,669.0,0.0014759618929417,0.0071223569762089,0.0087513464708083,0.0155756774911233,54.11326994625878,27653.2,27426.7,0.0152132381682666,0.0181995749735044,-0.0067248256136651,-0.0017996621493335,1,83.0,0.00548901658477361
2025-12-05,28027.0,28182.0,27702.0,27766.0,75378,168,-0.0011877982139792225,-0.009356080652073015,0.01712634245548935,0.022892646831269896,0.00611994823885048,-0.0085660872165954,-0.0089042274106902,-215.0,-861.0,0.0077757267169061,0.0014759618929417,0.0080512190531589,0.0078004079026916,55.39481615430982,27707.6,27441.0,0.0114377987595018,0.0181626243731669,0.0003381401940947,-0.0015097055347676,0,-7.0,0.0036569295391194676
2025-12-08,28285.0,28334.0,28188.0,28191.0,47814,108,0.0062270025255416325,-0.0033288507260814263,0.005161746508750221,0.513142830754982,0.00852126583481871,0.0060921398620724,0.0108705723871522,2616.0,-215.0,0.0095912070548119,0.0077757267169061,0.008351814041136,0.0097561749453647,66.19287120052482,27884.0,27454.5,-0.0085660872165954,-0.0089042274106902,-0.0047784325250797,0.0080275660447468,1,38.0,0.0028545001345825567
2025-12-09,28215.0,28275.0,28133.0,28252.0,61460,168,-0.0012027310516322302,0.0013105001255724206,0.005032783980152401,0.2510680730586725,0.0008509733520657275,0.0239706214852487,0.0109585339356588,-640.0,2616.0,-0.0023360361736401,0.0095912070548119,0.0030535210677053,0.0316779944576554,68.344998871077,28015.8,27476.5,0.0060921398620724,0.0108705723871522,0.0130120875495899,0.0082357583008283,1,64.0,0.0012788244199767255
2025-12-10,28418.0,28448.0,28225.0,28289.0,56818,168,0.0024420900844775964,-0.0045497107067381005,0.007847139137166585,-0.07853337976942766,0.005858495669207825,0.005088621612052,-0.000367575111947,-3964.0,-640.0,0.006287773727498,-0.0023360361736401,0.0049786720614987,0.0236292164672287,62.311827956989255,28143.8,27493.7,0.0239706214852487,0.0109585339356588,0.005456196723999,-0.0045960837490931,1,59.0,0.002488787186128998
2025-12-11,28112.0,28700.0,28095.0,28672.0,111332,168,0.009602316640354,0.019724505347778573,0.02152105862265225,0.6726635512560621,-0.006276505064404021,0.0219388905680755,0.0128007770490447,2798.0,-3964.0,-0.0101933352337253,0.006287773727498,0.0048914656544111,0.0227946332185178,76.95883134130146,28206.0,27500.2,0.005088621612052,-0.000367575111947,0.0091381135190308,0.0041992404279225,1,202.0,0.0036138918910664543
2025-12-12,28280.0,28347.0,27855.0,28322.0,99244,168,0.007513502882426588,0.0014840467724950225,0.017397454031117397,-0.11493526384955755,-0.013766195764147959,-0.014508066975655,-0.0075288165332289,-2379.0,2798.0,0.0064536942553028,-0.0101933352337253,0.0083155848374129,0.0111253360918506,77.35725938009789,28261.2,27544.75,0.0219388905680755,0.0128007770490447,-0.0069792504424261,-0.0172813329073663,1,156.0,0.0065193032024193935
2025-12-15,27890.0,28030.0,27735.0,27831.0,64080,108,-0.016428571834499344,-0.0021176943001534054,0.010577267837934744,0.06285870103212322,0.005789404688647312,-0.0429290092076917,-0.0523357712786609,1976.0,-2379.0,-0.0137015257582281,0.0064536942553028,0.0081135337020273,0.0098033036302473,65.54916985951468,28185.4,27566.15,-0.014508066975655,-0.0075288165332289,0.0094067620709691,0.0009194102277844,0,-458.0,0.00022908256276041433
2025-12-16,27622.0,27931.0,27587.0,27675.0,87084,168,-0.008348074820814835,0.0019169219389636616,0.012453841141119398,0.30674086732389644,-0.007537950683507282,-0.0148335387997908,-0.0061551434457672,-4654.0,1976.0,-0.0101925933278241,-0.0137015257582281,0.0092450836171001,-0.0134894291827927,54.88572374958597,28066.2,27607.1,-0.0429290092076917,-0.0523357712786609,-0.0086783953540235,0.0026192584178537,0,-277.0,-0.005754381257629198
2025-12-17,27753.0,27961.0,27540.0,27780.0,105742,168,0.0056313772385066015,0.0009723948689064015,0.015169531221849891,0.1941289948625693,0.002814463862590616,-0.0030281371892536,-0.0045839292272606,-527.0,-4654.0,0.0024586027280877,-0.0101925933278241,0.0098181068883769,-0.0213459863369767,51.92375573596893,27925.0,27661.95,-0.0148335387997908,-0.0061551434457672,0.0015557920380069,-0.0002171788476339,1,90.0,-0.006381756472269194
2025-12-18,27590.0,27915.0,27348.0,27410.0,138160,169,-0.010235652501084588,-0.006545477914500349,0.02055092424791591,0.26741026889185365,-0.0068629490970030125,-0.0351561229804299,-0.0385480128381152,5181.0,-527.0,-0.0036539302271087,0.0024586027280877,0.0088946899548275,-0.025175157336387,47.241254958528664,27821.2,27667.4,-0.0030281371892536,-0.0045839292272606,0.0033918898576853,-0.0007941378607443,0,-192.0,-0.0043174500277976076
2025-12-19,27898.0,28177.0,27748.0,27815.0,103618,169,0.00808581093858627,-0.002979558142786904,0.01537744641192917,-0.28770137393123996,0.017647091355349018,0.0274926364087808,0.0248291491961805,301.0,5181.0,0.0109219793478324,-0.0036539302271087,0.0084144015962302,-0.0186357523297704,58.9546783625731,27741.6,27737.8,-0.0351561229804299,-0.0385480128381152,0.0026634872126003,0.0033036279161446,1,209.0,0.0011605118920027604
2025-12-22,28346.0,28400.0,28289.0,28323.0,43628,108,0.015262583481986523,-0.0008117313262243969,0.0039158964227757,0.6456108200134267,0.00800485980224955,0.0148880056122781,0.0293227388823614,4303.0,301.0,0.0158979075186041,0.0109219793478324,0.009876270900747,-0.0141674672372408,62.88830138797092,27828.4,27824.1,0.0274926364087808,0.0248291491961805,-0.0144347332700833,0.0033755912399113,1,362.0,0.004370913973162734
2025-12-23,28411.0,28483.0,28316.0,28343.0,55994,168,7.056665023042136e-05,-0.002396308014929442,0.0058780049980641305,0.24954539607130397,0.0031021987017776417,0.0148740417808816,0.0109333815545064,-1424.0,4303.0,0.0025372674569669,0.0158979075186041,0.0105793297684767,0.0154319660395915,61.289210617028616,27986.2,27898.1,0.0148880056122781,0.0293227388823614,0.0039406602263751,0.0030036950335575,1,51.0,0.007806320356934405
2025-12-24,28469.0,28562.0,28440.0,28562.0,39878,168,0.005230376118667527,0.003261387050340618,0.004285363026449823,-0.33941974875309283,0.004435689875063359,0.0124361304083578,0.0054389409828446,411.0,-1424.0,0.0020743612958174,0.0025372674569669,0.0077338389231126,0.0281618268243825,61.52792052072627,28142.2,27955.25,0.0148740417808816,0.0109333815545064,0.0069971894255132,0.0007393715678786,1,152.0,0.006854508750294824
2025-12-26,28665.0,28720.0,28616.0,28707.0,30178,108,0.008219847257344023,0.001464129104889448,0.0036281179138321997,1.093390344686958,0.004685650925508912,0.0062105284496982,0.0027563019664568,957.0,411.0,0.0070347652085747,0.0020743612958174,0.0077750587351433,0.0277775853921123,61.31588012400965,28358.6,28009.75,0.0124361304083578,0.0054389409828446,0.0034542264832413,-0.0032610439685343,1,123.0,0.004506930008747323
2025-12-29,28940.0,28955.0,28732.0,28768.0,50092,108,0.0033077448727435272,-0.005961062914128049,0.007705597788527989,1.2580873470538398,0.008048891635512404,0.0134301870868481,0.0004537909049126,1008.0,957.0,0.0096142906025378,0.0070347652085747,0.0058380383407776,0.0384662808277958,61.40893470790378,28569.8,28070.05,0.0062105284496982,0.0027563019664568,0.0129763961819355,0.0027240360491867,1,76.0,0.005585989416251692
2025-12-30,28867.0,28940.0,28716.0,28786.0,52490,168,-0.005681046178525274,-0.0028099163372415485,0.007759725638272075,0.04676136056242236,0.0034354158885108043,-0.0063600857057549,-0.0040831838478522,1303.0,1008.0,-0.002386264555065,0.0096142906025378,0.0056845069404249,0.0371585920825012,61.34569172674218,28677.8,28143.9,0.0134301870868481,0.0004537909049126,-0.0022769018579026,0.0069672199892694,0,-173.0,0.0019488486505207583
2025-12-31,29015.0,29095.0,28874.0,28879.0,44898,168,-6.925207758999046e-05,-0.004698250256222384,0.007616749956918835,-0.15622942493793196,0.007923779802092714,-0.0044630834224977,-0.0012782723312668,-4086.0,1303.0,0.0046634625166619,-0.002386264555065,0.0046666025826185,0.018874420008832,60.76655052264809,28798.4,28216.65,-0.0063600857057549,-0.0040831838478522,-0.0031848110912308,0.0036074824928844,0,-39.0,-0.000814184461123913
